"V1","V2","V3","V4","V5","V6","V7","V8","V9","V10","V11","V12","V13","V14","V15","V16","V17","V18","V19","V20","V21","V22","V23","V24","V25","V26","V27","V28","V29","V30","V31","V32","V33","V34","V35","V36","V37","V38","V39","V40","V41","V42","V43","V44","V45","V46","V47","V48","V49","V50"
-0.0442626456111583,-0.0103763928475085,-0.0357159644149451,-0.0167209996530054,-0.0184057052401856,-0.00663155950532215,-0.0403935325787997,0.554356313189846,-0.000541806688996605,-0.0452219946654328,-0.0280454414473139,-0.0442184442763031,-0.0286813116156261,-0.0355939671250963,-0.0501818495812686,-0.00772339993371581,-0.0203002516957386,-0.0350485936275378,-0.00186977876223582,-0.0300475754768001,-0.0102526238497451,-0.0232601312659331,-0.00913418628988844,-0.00996915446564691,-0.0127808891742672,-0.00861178873137908,-0.0192895968246168,0.00095584590471454,-0.00343070151356269,-0.0151040990435242,9.60538785326499e-05,-0.0338406535174529,-0.0193305739919075,-0.00630477370671225,-0.0154287256443253,0.011605338243554,-0.0212803825453678,0.00702888964779212,-0.0212776083731911,0.00222049953850539,-0.0190758442767019,-0.0143313125781115,0.546956350420761,-0.0121293297459005,-0.0188024206324905,-0.0433846833898011,-0.00935835017279208,-0.0251913258140656,-0.0181947245836121,-0.0135114858828987
0.088753533389736,-0.129873799014002,0.0861193330869883,0.0757849952585682,0.0780253021237804,-0.120369284973164,0.0849484310518565,0.126810702396681,-0.126270333134407,0.0914684111014599,0.0703024615543188,0.0954011823474275,0.0889602832498705,0.093041593559402,0.111291675038137,0.0648711886325038,0.0737477207833816,0.0848445372017915,-0.132140400006438,0.0916659190675271,-0.105781783609863,0.0783688378193229,-0.113681794971378,-0.117057680600162,-0.120242698725059,-0.114988096378762,0.071151397998138,-0.128332066199324,0.0617648918999508,-0.11211800740991,-0.116256996108134,0.0930509204250149,0.0901086487642446,-0.110521077154857,0.0735933702095458,-0.14157012797198,0.089384547293437,0.0516750964160539,0.0764733176503224,-0.132894142302713,-0.123817862134404,0.0733267135161779,0.135548277818511,0.0648041750819846,0.0644565606195242,0.105438056226192,-0.128995462642004,0.0870883494043715,0.0762703103830878,0.0577073765542372
0.0880225759842277,-0.0413405051437735,0.0561849795521839,-0.0533156342944596,-0.0321561392039974,0.036886183371551,0.0510158754534165,0.0337551933661408,-0.0205995116529915,0.112517496364819,-0.0887280085736906,0.145464666545885,0.0732988484990042,0.115919471909955,0.289205280742274,-0.157233187730376,-0.0671410325194149,0.0444533128695826,-0.0699566397213763,0.0981450567593775,0.166876313062224,-0.024040953335629,0.0973717199957517,0.069061853578228,0.0444974112664483,0.0855212229022711,-0.090665058081927,-0.0400164768171976,-0.188645488620418,0.117221748489676,0.0653199743340993,0.114142126005351,0.0733208501090223,0.121707279582289,-0.0736382647382425,-0.165784738632201,0.0691250461995018,-0.286986273478593,-0.0425343299167346,-0.080809520841405,0.020250193838473,-0.0771072544276254,0.117159646178103,-0.153143711750018,-0.14907834086542,0.231380101844011,-0.034823474322074,0.053411972491366,-0.0475569028108104,-0.213052207383423
-0.166881971235731,-0.138701809582742,-0.0774822766235123,0.0693122510251318,0.0716272646351742,0.0239439374808894,-0.156675528083529,0.00116305131656252,0.0410271768400481,-0.148892176736384,-0.153088064953595,-0.0892532226213918,0.0541287022164432,0.00441918780274335,0.0111573191556614,0.0691248934410369,-0.00450730227929157,-0.0828863172581838,-0.045605888265099,0.0663021727455753,0.142124665827357,0.00749634002767121,0.0663006669488517,0.0154781722984321,-0.0608684891800898,0.0584975930877806,-0.02040386518541,0.0381563540118737,0.0933696943981278,0.000654587096926572,0.165974576602353,0.0291272920469728,0.198628299395827,0.142613856927779,0.0620551294968448,0.0342211120613437,0.162883064474612,0.123240587159549,0.0133540085493538,0.00305160821551847,-0.190606428906464,0.0743634639534144,-0.00144395699069878,0.00653070507163465,-0.0911237095356758,0.0387154367654479,-0.114243109538783,0.0814102261116983,0.0542570437181336,-0.0950734630644562
-0.000320548845473396,0.0263352477153289,-0.00517838743566778,-0.00663012793130546,-0.00926262762493313,0.00197300502672028,0.00293006298384565,-0.00021474473246455,0.00690580148131847,-0.0048216191026465,0.0185236667525085,-0.0142408544335202,-0.0196256624950041,-0.0197657581649995,-0.0401643301269403,0.005236801139873,0.00195514284580062,-0.0033276012007296,0.0207591435068713,-0.0236145541177011,-0.0240697794512066,-0.00409901166040187,-0.00894540677520835,-0.00089202091472214,0.00915770095273464,-0.00685329345795161,0.00614676436020106,0.00939238179276785,0.00651663520992612,-0.00497599237224484,-0.0147543180444437,-0.0219090216716527,-0.0333477639045415,-0.0189658524495704,-0.00362382013721107,0.0241066704539105,-0.0294754890028693,0.0148937795009899,-0.00254647436421924,0.017376824728722,0.0242405153260471,-0.0043968920442343,-0.00947736651122124,0.0107135401430726,0.0195218399269967,-0.0361873672167495,0.0232699024070266,-0.0199483317915032,-0.00585733920458993,0.0271914353959062
-0.0295912479796731,0.000446467832351773,-0.0188296895472784,0.00291755587327938,0.00163003131047063,0.0103254360455813,-0.0259851318045358,-0.00282524475370848,0.016043857973444,-0.0296272250631789,-0.0156885665444361,-0.0263085123769648,-0.00754531314751597,-0.0153043443901023,-0.0270095526962197,0.0103031298970948,-0.0031106633479945,-0.0185073005558104,0.0113296780381686,-0.00815889303962126,0.0122922633156946,-0.00504083389168507,0.010040352819735,0.00722886780944148,0.0017256415052688,0.0101432890215108,-0.00294498938483285,0.0171544355921894,0.0148443906589084,0.00238951864346718,0.0217932629758826,-0.0128303439252911,0.00618120996687696,0.0155567054239266,0.00367593812550933,0.0257406491670369,0.00308417776286228,0.0246883248623054,-0.00316681061390429,0.016725541209208,-0.00887258856004851,0.00509242387893404,-0.00901488569639364,0.00406506402755586,-0.00550215859711041,-0.0202717859799022,0.00230585948316599,-0.0035366536244592,0.00107697770921943,-0.00131972725047194
0.00245969575166058,0.00340495927589309,-0.000371083737439153,-0.0106484650090577,-0.00855913662275866,0.0116483326517374,-0.00114638924778216,0.00457628959547764,0.00605082974926119,0.004929949554663,-0.014881368037335,0.00837199585066778,0.00175586398137143,0.00578112232926527,0.0228505176193079,-0.0208718073950872,-0.0122572145107722,-0.00154337266419366,0.000903538240933881,0.00424107980762785,0.0248340422176374,-0.00797687757978123,0.017741194353774,0.0147850377061017,0.0121113392707677,0.0165491332948688,-0.0146249060584871,0.00413104722412451,-0.0238802573929522,0.019472743832718,0.014923962351288,0.00568952110382661,0.00224485058188466,0.0203922640771866,-0.0126721183375241,-0.00825444784272049,0.00171166910503901,-0.0334537278428019,-0.00977639718753046,-1.67189137752404e-07,0.00928897093254644,-0.0129719072096318,0.0127722765946665,-0.0206803933638889,-0.0206094692813506,0.01725490866133,0.00412846289384989,-0.000108561317167566,-0.0101326809865375,-0.0269160955342493
0.0356585702151982,0.0070361911695223,0.01867026191365,-0.0246309051266776,-0.0191520389098582,0.0127849118164542,0.0247342852394239,0.0121414982520859,-0.00430039706857877,0.0405597251580953,-0.0132269969021084,0.0438154035054486,0.0108872436811323,0.0270420250757826,0.0730617582850665,-0.052591205994351,-0.021403345046641,0.0160204885362015,-0.0094327804535011,0.0164305590661174,0.0366562065238963,-0.0109295132815584,0.0250818509010711,0.0222446508952983,0.0228188323430928,0.0226259434663382,-0.0262401729141781,-0.00925779121305742,-0.063330951504565,0.0366064182037354,0.00706861256139077,0.0242373422886555,-0.00271086295085068,0.0244491980805652,-0.0294191818245693,-0.0427481563302642,-0.000475244257782765,0.907380334646802,-0.0164599985448299,-0.0169356232189961,0.0285049855103391,-0.0315119231524268,0.0348420920382346,-0.0455972079037118,-0.0353089266321203,0.0548988836557141,0.00648810109751547,0.00296461765636734,-0.0216630852947309,-0.0521608915286287
-0.0463260742382102,-0.00186727876791583,-0.0283611849962446,0.00990656686568162,0.00700276917502097,0.00995179766594454,-0.0391608978782739,-0.00655221685760672,0.0212619323417258,-0.0474466326091979,-0.0172202728908594,-0.0437661106818715,-0.011719370521653,-0.0255271116455488,-0.051096576135006,0.0258043304239013,0.00121998845864516,-0.0273543405951547,0.016144960117564,-0.0137451244311251,0.00732967195462971,-0.0036279985677475,0.00688243560977887,0.0037817592627453,-0.00362898303382087,0.00755633338011068,0.00249815449407701,0.0238173340184024,0.0341670315926601,-0.00576845678974819,0.0263840255160012,-0.0216381010440491,0.00942830801308142,0.0143233544212104,0.0119587181069966,0.0425150868448966,0.00483911841591042,0.0536099249807493,6.34929249860713e-05,0.0249303603326743,-0.0189034589279999,0.0142919606506956,-0.019715406505748,0.0160154347933381,0.0010983116084637,-0.038201161505863,0.000714126334439542,-0.00467842239482954,0.0068203532700105,0.0103240545678677
0.0196761913274375,0.0384385430155001,0.00491969669053637,-0.0138369799422335,-0.016321912498015,-0.0014310595442968,0.0211835926412468,0.00256766922029834,0.000665851793876858,0.0137509567389818,0.0338360455409194,-0.00127619756902674,-0.0229244908923214,-0.0171027756231134,-0.0350196852206091,-0.00385972859035736,0.00218486499217314,0.00711794317866325,0.0226378924616181,-0.0277251438282276,-0.0373977946111402,-0.00432799375149429,-0.0156509738558998,-0.00282297691271558,0.0147292950287398,-0.012963650349045,0.00760041386921779,0.0030947837503304,-0.00568285030970636,-0.00447781145862832,-0.0324328511474563,-0.0218528021197349,-0.0517002665864856,-0.0331746876029965,-0.0104479916384437,0.0159084059984031,-0.0441811120413338,-0.00222441758570088,-0.00372547733384523,0.0139870069172319,0.042882831788461,-0.0125670883013132,-0.00489102698465835,0.00821325358690421,0.0272699548534105,-0.0349761253254181,0.0329448040011111,-0.0264547363849508,-0.0113899274924531,0.0341756963316368
0.0102102596545952,0.0129578637818652,0.0028705957811508,-0.0128459682062314,-0.0116280849281038,0.00832431109558356,0.00723503702208082,0.00478477976416106,0.0036297904512611,0.0107123753014253,-0.001927462153176,0.00928636468612261,-0.00383678155031665,0.00184017992338933,0.0125386258916219,-0.019490181689638,-0.00935452789746516,0.00243966402172,0.00560536092514387,-0.00296730892067342,0.00964231041495908,-0.00730593033509567,0.00968666495108429,0.0108869264544118,0.0138404289190589,0.00939036524657958,-0.0099185743090588,0.00255646100699966,-0.0229394715228062,0.014850204730148,0.00172411165183476,0.000261368699107042,-0.0124029812675006,0.00672048844094561,-0.0137172297468029,-0.00526494682929594,-0.0105523071001719,-0.0310087260452202,-0.0088376352423088,0.00202531661542944,0.0199799008267359,0.985330820852412,0.0102809293730154,-0.0155169661969747,-0.00946651844179085,0.00720129121983274,0.0119250472972084,-0.00672798623010588,-0.0115845075805426,-0.0133294899022112
0.0203651725902437,0.0359780250343181,0.00566550746942775,-0.0144379315886752,-0.0163681458060738,-0.000361863397908782,0.0210392256783458,0.00317843272995021,0.000452329289032765,0.0152290411614729,0.0302093220886046,0.00160344522329165,-0.0204847985779867,-0.0140676035455465,-0.0275589375100911,-0.00707766329801508,0.000527468113713867,0.00751664765136741,0.0203507513429806,-0.0245433326018313,-0.0319229804347823,-0.00478552556539695,-0.0126530637593748,-0.00102530312090532,0.0151760102138637,-0.0103388628231293,0.00519843804628592,0.00236506071753609,-0.0094586054623882,-0.00161042368116374,-0.0292848894789504,-0.018625211688161,0.952126878262366,-0.0288319002104311,-0.0116300351907285,0.0119758339099212,-0.0408026393324566,-0.00818831371206473,-0.00459219112478204,0.0118937545046053,0.0414741252098439,-0.0137182976154685,-0.00220633241169228,0.00449745903257259,0.0227191877847553,-0.0287061024226907,0.0308830465453483,-0.0242536698614153,-0.0119904541585816,0.0279770560997108
-0.000138006245047395,-0.0256394151139013,0.00504277051433165,0.01070506045503,0.0119320359809779,-0.00944601828563621,-0.00120544969699261,0.022192369180534,-0.0110112149846791,0.00244062849114832,-0.00788069747934886,0.00859033776576975,0.0158503600799671,0.014208316436007,0.0233320992297834,0.00552515627614383,0.00443307713087049,0.00405075486957782,-0.020018866522283,0.0180064307111423,0.00595658898602462,0.00748369749215627,-0.00323484462209969,-0.00848703603111946,-0.015484041179515,-0.00441426311804553,0.00206106623831792,-0.0121936185830853,0.00579786388970269,-0.00721447254671207,0.00271256946338177,0.0159892249451797,0.0267833868586277,0.00374825054810437,0.00914579649302623,-0.0187432604357357,0.0238705536733762,0.00316919891549809,0.0070075482801875,-0.0168772410638811,-0.0265045263050599,0.0099045247813867,0.0261411652429711,0.000992960025991891,-0.00619287127120499,0.0225424904054628,-0.023465062428964,0.0169257346748091,0.00985234380460422,-0.00967181854715836
0.000952352390657449,0.0184016792975699,-0.00333206188028546,-0.00815556011539834,-0.00911612462767664,0.00534520813312269,0.00175294992566968,0.00151983782754772,0.00651305018482133,-0.00110405652785762,0.00693236898858411,-0.00605635775305441,-0.0121122290788634,-0.0106929406137658,-0.0178056247584539,-0.00412787172057133,-0.00306749652079569,-0.00254530268985666,0.0137647530104528,-0.0138234193711445,-0.00696883984722165,-0.00547367297729027,0.000394722562552539,0.00462393856793735,0.0102829281899977,0.00133406477794419,-0.00117773643620519,0.00744055718087989,-0.00440947482639769,0.00367712072668827,-0.00451520688016538,-0.0121484341737543,-0.0210269097671711,-0.00525335658900298,-0.00692247147022745,0.0125439139299908,-0.0186597163394296,-0.00245153407415612,-0.00512029967147097,0.0111826241617539,0.0192232366537186,-0.00754767581530336,-0.00154269736082662,-0.000424634872764097,0.0054423140640842,-0.0172708324631518,0.0166410157812837,-0.0130265865920101,-0.00744940012472521,0.00815838071507256
0.0558571570632799,0.0127194093959414,0.0327019082455725,-0.00892824037949298,-0.00814128132896641,-0.020819990576875,0.0511087780325714,0.029184414870732,-0.02848669963272,0.0531466712666084,0.0414462761194818,0.0411173169777856,0.00264918109823214,0.0170959576837158,0.02643152521549,-0.0154381897638626,0.00766153123004692,0.0332402782432732,-0.0111069858594043,0.00133668333556517,-0.0405765275359621,0.00754051043461119,-0.0270243987339467,-0.0167880648318087,-0.000277845318710294,-0.0259260404274209,0.0099381062995073,-0.0290322793849076,-0.0231544457206262,-0.0102440643814513,-0.0526234849879629,0.0111392391583691,-0.0315303199314046,-0.0435411367253052,-0.00849337802699576,-0.0360338431843944,-0.0233395430180664,-0.0364228351998691,0.00498848811617042,-0.0233012621721405,0.0288819075908484,-0.0116236681781689,0.0350615636268728,-0.000373816544766715,0.0229824137061432,0.0162656074401504,0.0073448279395194,-0.00505847194277296,-0.0050037686299165,0.0198817669293974
-0.0101112365020195,-0.00243771006306362,-0.00696343250329692,-0.00590145385562157,-0.00424222554978534,0.0130601036353473,-0.0121468572806025,0.00251111535624162,0.00997266434821956,-0.00726010264244903,-0.0219578183257246,-0.00127142133697881,0.00226257589527494,0.00230054743257437,0.0151461746112487,-0.0133706654146389,-0.0113795612518826,-0.00813377164202932,0.0011659019597707,0.00478547127766355,0.0295707394045142,-0.00755696490129749,0.0199749094471564,0.0148547954052762,0.00845241304169552,0.0186502565895997,-0.0140338145966494,0.00840471607821523,-0.0141517043418953,0.0174102680222383,0.0237316932632213,0.00367446745295228,0.0110451783269421,0.026358831626372,-0.00780094757113957,-0.00086040332820001,0.00857187484643284,-0.0193940945698975,-0.00852821290405926,0.00334386881067252,-0.0011717108923399,-0.00730194672687211,0.00833835872795087,-0.016880931768983,-0.0225234853475254,0.0126709142819235,-0.000483685417176128,0.00249321646083302,-0.0064030506866709,-0.0273547030624221
0.0035502388545485,-0.0233177171155664,0.00689293151559987,0.00938676036622505,0.0106238891474953,-0.0101107083032966,0.00218528167701582,0.0226895781804749,-0.0121621714966343,0.00584017486297065,-0.0049274689707508,0.0109060338472524,0.0151626431326469,0.0146080993719326,0.0240548604626478,0.00393754716856719,0.00452715020246725,0.00597615046213081,-0.0195993276122682,0.0171450818698412,0.0033141065090441,0.00745542345450601,-0.0045718834296375,-0.00890106358662432,-0.0144643125541432,-0.00562929902052221,0.00240530933831684,-0.0133392431892361,0.00365193770493697,-0.00721107718001038,-0.000664745106636034,0.015899448029077,0.0232599563706133,0.000977511167459021,0.0079165292781325,-0.0201420433375935,0.0210375930408487,0.000178727340400438,0.00681573773241057,-0.0174411042633048,-0.023002416618472,0.00842459648475046,0.0269086352283325,0.000644490294178468,-0.00461421607932372,0.022572526263157,-0.0216062408975238,0.0156503823377609,0.00884462657455446,-0.00818370628526464
0.0077396787665025,0.0117002123292066,0.00159011819933879,-0.0119264372904634,-0.0107721887363354,0.00864687024610217,0.00504370627464755,0.00439848139979526,0.00440060945512313,0.00834851090207725,-0.00347612442148214,0.00748361630548404,-0.00364013558676697,0.00126802720664773,0.0113013510255972,-0.0181263831070862,-0.00924534554571557,0.0011459199118289,0.00556752124355966,-0.00273398419762845,0.0107987910678835,-0.00724049674540287,0.01024840258902,0.0109715004992226,0.0131310194048322,0.00991108128210321,-0.00989561719390103,0.00337687947298628,-0.0211550576073297,0.0145532100711886,0.00359792438462883,-1.20346955201555e-05,-0.0105039228014285,0.00807679865375966,0.987204112004979,-0.00395053842873416,-0.00905637514915507,-0.0284498557295202,-0.00862373047296058,0.00260739257029843,0.0178460840556963,-0.013587915218289,0.00950557310236554,-0.0149082280488746,-0.0100258198477985,0.00653715071969726,0.0109275704045381,-0.00612446424725723,-0.0108671004704597,-0.013660468022501
-0.00594036312154461,0.00803029982443022,-0.00595557212830543,-0.00643116175672522,-0.00625843838422891,0.00907476566091365,-0.00620489381789293,0.00167007508583117,0.00866708405633279,-0.00570008260755644,-0.00729588677105965,-0.00528352786949527,-0.00547410632979569,-0.00526942937443242,-0.00388710290104194,-0.00724997645586802,-0.00673449352225092,-0.00606219136969872,0.00805019577455937,-0.00524638129590853,0.0104097209613893,0.99363652817486,0.00966265113569603,0.00930583878589983,0.0089112830183773,0.0095487764355755,-0.00696161437718283,0.00850661845894736,-0.00743347201230744,0.00964603491046241,0.00967282082894746,-0.0052183376309735,-0.00509328201021831,0.0100553163439264,-0.00661031390874384,0.00750586270991377,-0.00522048539851678,-0.00812918967670267,-0.006493671215864,0.00809290944555502,0.00837857822356701,-0.00660520772942596,0.00231999384117971,-0.00738266303671712,-0.00760789756702426,-0.00426986417902656,0.00814605042505292,-0.00555884289608147,-0.0064254728781119,-0.00812207827305292
0.036590713631449,0.00988877806971736,0.0217515766166205,-0.000902392530491801,-0.00194434110857662,-0.0211813495932912,0.0358949615797851,0.0249234907774449,-0.0224791580846341,0.0326801775333907,0.0394419521600346,0.0211598457511825,-0.00200825481287187,0.00549739251943444,-0.000876982317062462,0.00223957738399801,0.0125507473969923,0.0230571227929077,-0.00569963824252497,-0.00490190143759005,-0.045945744055937,0.0091410029244523,-0.0304727974099792,-0.0206485432119457,-0.0064277361755897,-0.0287399295842316,0.0160624878309764,-0.0213911618653176,-0.00110328461812173,-0.0194708837656521,0.952879628877239,0.00118611095862147,-0.0275334062748211,-0.0446808445949393,0.000987496610519487,-0.0169334613936286,-0.021093822303981,-0.00343766036537715,0.00865956256932268,-0.0139698439623623,0.0172146470993552,-0.00108287389654623,0.0228888044894798,0.0131739075670639,0.0303020177368496,-0.00401492316825654,0.00537341065792162,-0.00623232852728691,0.0015846855795842,0.0329135943672012
-0.0349597187832632,-0.000584415941334124,-0.0218474468976276,0.00512423179153812,0.00337334595720641,0.0103245890132729,-0.0302894367346112,-0.00396919500060548,0.0177179448178646,-0.0352595493687755,-0.0165966464924546,-0.0316647991394649,-0.00862821129603017,-0.0182885191899678,-0.0340059819699513,0.0149845090417764,-0.00188845185926835,-0.0213415058596636,0.0126384889243962,-0.00961756470996389,0.0112955182870718,-0.00463270466184299,0.00935119702442456,0.00631004444174504,3.34510958107163e-05,0.00959781094902476,-0.00144481249742874,0.0192404363882641,0.020706443627851,5.83730072892024e-05,0.0236428305155009,-0.0153322781170401,0.0076701923464498,0.0156457787882087,0.00623803907099453,0.03075568907349,0.00403687166573574,0.0334271981583687,-0.00221340549530135,0.0191593606681453,-0.0122961907831894,0.00795636200005239,-0.0121941254556674,0.00753461285890795,-0.0038680130780722,-0.0253987105015434,0.00155498703069998,-0.00365965528455899,0.00287831454030576,0.00176963763125876
-0.0176494512414247,0.0154583459516421,-0.0138755510747898,-0.000432360687283862,-0.00311856160372604,0.00508304826766601,-0.0129925594737509,-0.00255645646217019,0.0123134555943001,-0.0208032406071429,0.00469350400508771,-0.0251474990931954,-0.0164223430520051,0.978323780601273,-0.0436396313846043,0.0127277370127062,0.00153131873591473,-0.0123743302168874,0.0188136371751375,-0.0196038425404829,-0.0117190486361323,-0.00396126250368209,-0.00269867580574532,0.00103291171656973,0.00436381416920921,-0.00117548776609863,0.00455612206225878,0.0147805949685349,0.0166356956967108,-0.0050230438382942,0.00107271081712879,-0.021522407479405,-0.0168418858666407,-0.00600049725068427,0.00216211793003183,0.030718557695825,-0.0162074577778456,0.0290028894490958,-0.00163625556174954,0.0200476524938125,0.0078085327436282,0.00256591311173012,-0.0131108266297574,0.0123903980976415,0.0121572302209721,-0.0363964446399907,0.0145625221459841,-0.0139826602101748,-0.001118194036779,0.0202699265547949
-0.00537253823808215,-0.0287140694104004,0.00238645784227491,0.0126030655138568,0.0137735309431721,-0.00859353930146427,-0.00595850498332621,0.0214472673068574,-0.00937783585709419,-0.00244836978782667,-0.0117538532062872,0.0051174365160916,0.0166308222969997,0.0134154694927843,0.0217484313527634,0.0080008424840893,0.00442712147513198,0.00131516986963337,-0.0204341504363514,0.0189743333823772,0.00925239865277287,0.00755826643588931,-0.00158458246722442,-0.00804222031841809,-0.0169508011223203,-0.00290700249676893,0.0017603197687048,-0.0105284196615467,0.00910047823945839,-0.00743760893392652,0.00721803519613031,0.0158695663712013,0.0314424253839478,0.00731047335040916,0.0109629615099052,-0.0164784558676162,0.027593636009249,0.00782505527011688,0.00734305073210285,-0.0159255897299915,-0.0313177847413461,0.0120715257579013,0.0248584007944456,0.00176554361138454,-0.0080643518010324,0.0220227959932977,0.974080266939824,0.0185500096263086,0.0113139409904842,-0.0112905906103029
-0.0109527480070116,-0.0318308667614589,-0.000467520485425992,0.0146461293469477,0.0157256194066267,-0.0077511079628644,-0.0109822030414371,0.0206241693664991,-0.00763667407830919,-0.00770709494245343,-0.0156504910246953,0.00127915058975065,0.017320050787677,0.0124056796022532,0.0196529159149814,0.0108024275800511,0.00451389049132618,-0.00160323748168479,-0.0207453509760491,0.0198203200954641,0.0124340484103784,0.00766290206524054,-5.89100931823541e-06,-0.00767226917111092,-0.0185286674211465,-0.00145874577382643,0.00157682262979405,-0.00872458384843693,0.0128088132580752,-0.00783485453803274,0.0118109514592235,0.0155616393947199,0.0361597802522175,0.0108377313311688,0.0129530765250721,-0.0138599881949141,0.0313453401051481,0.0130888739595464,0.00774690101269478,-0.0148005772370619,-0.0363342155032343,0.0144302618298117,0.0233496431255528,0.00279210328625329,-0.009790031978796,0.0211205194987529,-0.0284025799663301,0.0201459379336305,0.0128949793010869,-0.0126562027305641
0.0220299166917547,-0.00151631879316508,0.0147569707034003,0.00402769102588418,0.00337338083109094,-0.0176339102114253,0.0219069493982565,0.023361252558723,-0.0179341587013534,0.0199113936780531,0.0245500618609258,0.0139110345143847,0.002693783921438,0.0062096466257703,0.00193760899622096,0.00624700813396305,0.0108834197524771,0.015486066142348,-0.00918614840500285,0.00108489590460698,-0.0308956767055631,0.00890271644377816,-0.0226815601960678,-0.0175632924693685,-0.0102552722950602,-0.021736667914018,0.0127952716463003,-0.0172673712036988,0.00475742703687565,-0.0172662591972918,-0.0308633620129145,0.00405072766880767,-0.0101529394862276,-0.0299817532461683,0.00510362454276858,-0.014251708164183,-0.00688619278462045,0.00418630868125358,0.00877394979099396,-0.0132818414231143,0.0017925982800368,0.00408292243707553,0.0218251597410162,0.0117250551981015,0.0203205262393676,0.000713322003579804,-0.00382887484149651,0.000689937456790829,0.00524406084356681,0.0220276709648027
0.0041822970055672,0.000730121647037076,0.00101283094083668,-0.0117248684118623,-0.00891275967604433,0.0128879005762722,-0.000572958738222465,0.00548116915788993,0.00551519778260985,0.00761269642518931,-0.0189292167854092,0.0126319354825411,0.00477034765292383,0.00981310633979798,0.0327031895914812,-0.025407744820243,-0.0143888302016451,-0.000593416637582978,-0.0019729868292916,0.00818050624323829,0.0313520402928215,-0.00857749282581611,0.0213350052064078,0.0170270498213234,0.0129204060384834,0.0196856896738986,-0.0176674831743222,0.00292613933032012,-0.0292660225089568,0.0231978427047869,0.018254793517049,0.009861563406371,0.00642505486788559,0.0254111339822028,-0.0144832984677726,-0.0136762234693246,0.00546406509791952,-0.041871114628107,-0.0109451833932482,-0.00284555155504148,0.00824519594418041,-0.0147992909639815,0.0164315549973786,0.97441510457114,-0.0261660016055112,0.0254055347117153,0.00186768151186905,0.00246410443666675,-0.0111388318402219,-0.0346333048290998
0.0175470362647161,-0.00482407895039984,0.0125753709511187,0.00557047890384164,0.00499662961299139,-0.0166256833527318,0.0176551184835061,0.0228438559766808,-0.0165349789991772,0.0159209316265111,0.0202591335645441,0.0115072056942607,0.00396078496102828,0.00622070512088645,0.00228889256296001,0.00768626241686985,0.0104879027955755,0.0131523947551685,-0.0100931738794147,0.00269296169148295,-0.0266819521563257,0.00886116332011295,-0.0205112709511699,-0.0167453050536859,-0.0114516899688011,-0.0197811288103238,0.0119628485039331,-0.0159614935008462,0.00679915554001026,-0.0167891467097432,-0.0261240484968666,0.00470447514822437,-0.00511743336962992,-0.0257981491084098,0.00643785799895687,-0.0131678497406327,-0.00278688925503029,0.00691370311801175,0.00886760652672962,-0.0129302038581968,-0.00281034375400228,0.00573485863290681,0.0213189481719078,0.0115357634152846,0.0175883106525862,0.00172841623768836,-0.00649257663431696,0.00264954999355064,0.00639968239729,0.0191317181472827
0.00741271329455068,0.0136868255419843,0.00112294627744538,0.98845911377126,-0.0108063116837979,0.00780179792200567,0.00533229353557571,0.00396209665618076,0.0045015202758887,0.00740852341019988,-0.000572705037497506,0.00542462933720817,-0.00552460443361539,-0.00101004720588986,0.00568788285109983,-0.0157726479647588,-0.00798486042725953,0.000945664969277645,0.00732225410871523,-0.00518980135006074,0.00651182981750139,-0.00689540137428829,0.00790675048976218,0.00958784063923506,0.0128465238701583,0.00785852608975239,-0.00805787461390865,0.00386910476993574,-0.0184082732275503,0.0123812836206058,0.00103476080029012,-0.00246174702680017,-0.013589305133296,0.00464059188787518,-0.0119654416465869,-0.0010454696762617,-0.0117653823439903,-0.0240901497511087,-0.00797731540247902,0.00416327032566341,0.0190983220929836,-0.0127940758167454,0.00751242778815693,-0.012111855645783,-0.00649507498394067,0.0017890654961336,0.0125876476315444,-0.00785923014953664,-0.0104654546427644,-0.0088862108309802
-0.00518382806662669,-0.00502896710711802,-0.00370447534167071,-0.00836034806581665,-0.00560014428855326,0.0145194623096087,-0.00914681140378655,0.00419405992781337,0.00843792774437194,-0.00106012576749391,-0.0262313691858336,0.00663570868060964,0.00639542495498801,0.00865799092506558,0.0305216249790805,-0.0212380495393812,-0.0145485807315496,-0.00548471252132543,-0.00292661388731856,0.0102099153062067,0.0377804869099395,-0.00848432307544054,0.0245768972940449,0.0179898574038098,0.0103187462911261,0.0226364683220287,-0.0184251386454255,0.00585976709824001,-0.0236570778884306,0.0230537640478523,0.026652771131636,0.00993624913284672,0.015160705351056,0.0322176400237503,-0.0113166300228909,-0.00995060959805794,0.0124735944801215,-0.0340215498759884,-0.0104188296838898,-0.00131971672453946,-0.000550772604377864,-0.010999749925356,0.0143625213803922,-0.0245274746303539,-0.0299459608060868,0.0250332618299977,-0.00273888160271783,0.00558754258214849,-0.00856030073678285,-0.038106270446655
-0.00218364185451498,-0.0180076435182779,0.00278328354067658,0.0125293195519976,0.0120469670022574,-0.0127550875174078,-0.000689122425501547,0.0203205781763157,-0.0103774181323496,-0.00204296126945017,0.00335841020587615,-0.000235429881261149,0.00831718373350134,0.00486288332254261,0.000354642262771492,0.0154088133180422,0.00954285686302719,0.00286257152153955,-0.0129614737261216,0.00818252068951088,-0.010971456338398,0.00889313256607769,-0.0125020233176209,-0.0140358626842423,0.983160740292505,-0.0125289757342114,0.0094707730396409,-0.00996887246053517,0.0173888639192058,-0.0160511732605855,-0.00706001265270575,0.00604048222531913,0.0149146071782924,-0.00969379359823723,0.0127627512674102,-0.00665324282693201,0.0133990430642899,0.0214858674701076,0.00967456409919272,-0.0104380903549784,-0.0220893864521907,0.0134211746623309,0.0178835847052745,0.0124370296564782,0.00786502151269473,0.00322004272102322,-0.0170719478192172,0.0101155834415436,0.0116818345689453,0.00946261528230543
0.00298373191999902,-0.00670797148081142,0.0042627655053073,0.0116684763337181,0.00966332385810448,-0.0170042842204819,0.00622388167964619,0.0195773042692044,-0.0119940716973094,0.000376025816776018,0.0191133165292435,-0.00379467751616478,0.000213338154633011,-0.00280813795336526,-0.0190006738171378,0.0213068534113246,0.0143316217357361,0.00545160429732344,-0.00579678391224129,-0.00231810374784046,-0.0312678974774344,0.0101109227175477,-0.0234048653633351,-0.0198290891488658,-0.0161229702697002,-0.0221601185998961,0.0168101415674687,-0.0101400802500821,0.0237656259200777,0.975983071434909,-0.0222982265358573,-0.00310568386093712,-0.00249256150919158,-0.0270891367237515,0.0136885138048135,0.00159434788805006,-0.0014346805773265,0.0323244980605575,0.0117159557483292,-0.00570101626746135,-0.0114472119456012,0.0137798342370755,0.011893117822712,0.0220989467483996,0.0235493179242527,-0.0141549902497306,-0.00776987609936208,0.00154669086305594,0.0114162582362588,0.0295546578940947
-0.00342155338217796,0.007691313562081,-0.00442593173394892,-0.00756731985027283,-0.00702005833174393,0.00941436819203471,-0.00440645149798273,0.00235400465544376,0.00788204755227641,-0.0028178502681116,-0.00805750946502658,-0.00207487513203526,-0.00423604432532089,-0.00302779858365821,0.00147780954295046,-0.0102767891721516,-0.00778403614482871,-0.00472132829180921,0.00676374003698257,-0.00361185016695461,0.0125738671038182,-0.00668350912661695,0.0109091219568989,0.0102698976756234,0.00977806475790107,0.0106153001637164,-0.00836649921247094,0.00738130834241424,-0.0111431510719201,0.0115546295974089,0.00987914442229744,-0.00312227907662411,-0.00451696553343195,0.0113950515568036,-0.00808313108175063,0.00410934421960154,-0.00455674443067532,-0.013765751767657,0.99282283218355,0.00638594385728404,0.00939851384389119,-0.00819756859737505,0.00453400215016664,-0.0100482111499392,-0.00975196203079549,-8.37695079624674e-05,0.00781360949280678,-0.00480777609337302,-0.00738782216767987,-0.0114124995512333
0.00873883746871367,-0.0207337815425785,0.0095900572657243,0.0074485792587854,0.00883030034506839,-0.0107644952580196,0.00677200702396312,0.0235111215640085,-0.0137809802303461,0.0108213502866699,-0.00175780153696986,0.0147405502480784,0.0148005235193235,0.0158683456445268,0.0267984266938671,0.0010154982319073,0.00426467472349711,0.00869398452101946,-0.0195667117259897,0.0167212726792815,0.00100353559629991,0.0073090452569399,-0.00568729252765585,-0.00904154397463693,-0.0129693688182586,-0.0066663982405866,0.0023082467174947,-0.0150724624068563,-0.000162450777327548,-0.00653056164697846,-0.00452519198301436,0.0165378974906622,0.0193604826600343,-0.00177467973508479,0.00596270614334768,-0.0229752186588132,0.0179733053124092,-0.00530235356427717,0.0063500477954897,-0.0187029273436638,-0.0185619340633842,0.00613645043474703,0.0285873378345492,-0.000706261806496168,-0.00353557455345787,0.0240914010974878,-0.0195591009714987,0.0144312085468451,0.00732979570558476,-0.00761688275047457
0.0422682497659226,0.0327301690812729,0.0190084567027299,-0.0243545172900732,-0.0229704997190779,0.0027149919468718,0.0365974825986213,0.0091794490809146,-0.00637404109502493,0.0403797831465304,0.023153147748521,0.0297589943824465,-0.00945256448274262,0.00573214866393416,0.0198528870797486,-0.0337011468543701,-0.00877282461908061,0.0191805780325005,0.00891870709057824,-0.00998316809583879,-0.0124851294682684,-0.00761540054180539,-0.00147725040471281,0.00755238224777953,0.0227399424173933,-0.000768885891463102,-0.00727389109371722,-0.00747388985229221,-0.0420671865392063,0.0152835921822926,-0.0270989153604652,-6.1893083417505e-05,-0.0423965081110192,-0.0166778594938068,-0.0245361195441135,-0.0179402959788629,-0.0346256956394163,-0.0577632197483735,-0.0106218969908264,-0.00315580917100948,0.0501293851514957,-0.0276558582369268,0.0173097576763194,-0.0190601620240761,0.00357238207892539,0.00834490643814935,0.027742420090324,-0.0174696114120901,-0.0204016042420983,-0.00130735620803625
0.01566580761778,0.00788028716860112,0.00678424739224058,-0.0158390780246942,-0.012980354558603,0.0108507442145797,0.00996312334989755,0.00704330485578617,0.00193168511468137,0.0182202087810156,-0.0098476029427477,0.0199083621670309,0.00269880435573988,0.0111381877579248,0.03515233912307,0.969569887462821,-0.014141383924562,0.00540244501866559,-0.000730928110293152,0.00558937190489803,0.0232865247029334,-0.00867779814670007,0.0172602104498467,0.0157888401435837,0.0161023284898257,0.0159800121896316,-0.016662595825073,-0.000654807576958654,-0.0360390420483214,0.0232862105010413,0.00784192689996934,0.00967008255320539,-0.00442357800915678,0.0169162149210269,-0.0183365210307552,-0.0181310232475883,-0.00325043607065745,-0.0513287618435511,-0.0115649418065888,-0.00465511095201627,0.019093183742291,-0.0194308501859006,0.0188900709551667,-0.0267689414033496,-0.0213822891025427,0.0256690523752703,0.00758982895284091,-0.00144056378480762,-0.0142875912236196,-0.0301757616147199
0.023009513597487,-0.0113341638073902,0.0166911786397132,0.00239880376571761,0.00374026849260444,-0.0135080399138275,0.0200034416069412,0.0253604240427676,-0.0182345112115485,0.0238536858373898,0.0102701257599205,0.023348425300424,0.0117700722592796,0.016989234185403,0.0285409089615529,-0.00470699536653681,0.00486966506200476,0.0161381708529263,-0.0176030611451066,0.0129075541264688,-0.0100795998673215,0.00726471756159536,-0.0113278912913827,-0.0109132956658889,-0.00906066859768703,-0.0117779742493251,0.00399505930139806,-0.0194309471961486,-0.00797994825816945,-0.00692990138845362,-0.0181365195513889,0.0157237212285174,0.00508214845406732,-0.0131946387591971,0.0013434217948551,-0.0278592003798284,0.00644967396877469,-0.0160954564683698,0.0057274382032912,-0.0205986169129412,-0.00471464029134575,0.000536126399529532,0.0311912033566422,-0.00152929842696477,0.00326981801494706,0.0233062741628408,-0.0120202757724485,0.00914559933541668,0.00349002406632184,-0.000927154406121234
-0.0207430935862126,0.0259277363294868,-0.0171443419952253,0.00219508778648245,-0.00287134569028703,0.000520811109087489,-0.0124998566514415,-0.00519532801205804,0.0132725039903721,-0.0272715099644252,0.0201425597345895,-0.0375882487239437,-0.0268634243589077,-0.0347126521763989,-0.0756747389239486,0.0265926293977372,0.00863837073661074,-0.0141567756247523,0.0286102609266586,-0.0332222772961764,-0.0351083933182057,-0.00199730278787284,-0.0155103683513668,-0.00666400459355971,0.00240922426124246,-0.0123909668166405,0.014848222469943,0.0179540483210834,0.0329146059190147,-0.0173248411830969,-0.0123065188278215,-0.0353660662434572,-0.0331294898651109,-0.0245284282294025,0.00727924178529902,0.0476423346488039,-0.030595960464372,0.0547009126482038,0.00208928605998559,0.0290491895906375,0.0137213463867079,0.0075601153057369,-0.024657375313295,0.0283449214477885,0.0316219660661808,0.936702773531727,0.0233384403483774,-0.0233780377882488,0.00149582938833575,0.0468077520621035
-0.0114286239260418,0.00601358131547298,-0.00890753309547023,-0.00429324204076276,-0.00441030988667557,0.00947090051532044,-0.0108639875379222,0.000672885165925903,0.010379018689946,-0.0111776292548045,-0.00961427381264519,-0.0099452598425413,-0.00572680780044724,-0.00733531400142981,-0.00860256805556695,-0.003435999587737,-0.00604222887165458,-0.00894665323158955,0.00860126663802527,-0.00562556723129048,0.0113762796565419,-0.00609668754202057,0.0100385344199067,0.00899028198273817,0.00726657313320984,0.00993983341206936,-0.00624843069024916,0.0104676005585358,-0.00256335187459191,0.00821656695098853,0.0128207867588976,-0.00669678485430978,-0.00207892032983562,0.0117632967705496,-0.00430788538709352,0.0114114697311376,-0.00294654948688359,-0.000993509969896561,-0.00579540513680082,0.00991970713920039,0.00419230452020412,-0.00396837187037443,-8.47529742372844e-05,-0.00505018809755273,-0.00754931517315192,-0.00742718276068719,0.00657701397410917,-0.00487309506772006,-0.0047210966280259,-0.00711838285025177
0.00316644256572368,0.000995369718154559,0.000378143215049194,-0.0112508958634351,-0.00861439192445263,0.0126979391075084,-0.00126374288407665,0.00518233617663663,0.00583174296836783,0.0064128318626228,-0.0184364859705242,0.0112291883405883,0.00415697610920564,0.00877756477652773,0.0302141451991113,-0.0240572713385686,-0.0138911565226017,-0.00113592994670985,-0.0013490973421163,0.00737283783602752,0.0302141657050154,-0.00842833500377261,0.0206880650964284,0.0165549683184751,0.0125594476444458,0.0191289060590219,-0.016991355206821,0.00340288806371362,-0.0276200030073772,0.0223007799175374,0.0180037625015013,0.00887212550614353,0.00599342829994064,0.024654959670745,-0.0138470039297534,-0.0121433413828116,0.00502283326087806,-0.0393578000503781,-0.0106326246927094,-0.00206883626023909,0.00792546258902585,-0.0141182324091696,0.0154257688233547,-0.0243477327552053,-0.0250860885541184,0.0234390494266178,0.00210874082314147,0.00205286398250885,-0.0107323999364404,-0.0330186267469256
-0.0289343639721478,-0.0165115347815939,-0.0160981660807916,0.000553885245870752,0.00258627755504929,0.0173697774751726,-0.0300495214593569,0.000371708673776895,0.0158477624255647,-0.0239617610897024,-0.0402418998266035,-0.0112085049522876,0.00774664434059858,0.00253611397089888,0.0170891858977863,-0.00751402652487871,-0.0131473006424065,-0.0179301104803953,-0.00279372190722101,0.0117511164703791,0.0476450089043696,-0.00776033427747716,0.0292951981045047,0.0184092223934259,0.00344515445295358,0.0270435395452146,-0.0176866290908165,0.0138550077252484,-0.00579431543836566,0.0195967561248298,0.0438729706065593,0.0066267504223355,0.032475270077591,0.0442358390711732,-0.00225949182303458,0.00345605837939921,0.0260340498123777,-0.00828738102221506,-0.00818804000330729,0.00469335697663089,-0.0206307549503771,-0.000421530425250051,0.00637518596713174,-0.0179089749468384,-0.0343053305042029,0.0173333911448468,-0.0118221799493485,0.0108772534180351,-0.00157706027477728,-0.0399282580772105
0.00946635413575215,-0.00764152401279065,0.00820802734048857,0.0087368746918518,0.0077073376376458,-0.0161050576272903,0.0108360833482383,0.0213484579734481,-0.0140144768959343,0.00781178308950472,0.0170649168482926,0.0045150504619714,0.00345394374639908,0.00302362099135509,-0.00503840455883975,0.0134551098860852,0.0115950644824271,0.00890338727005782,-0.00915766099409217,0.0019592423619103,-0.0255720495429463,0.00927769876223899,-0.0201282708305093,0.982691683704557,-0.0138867373728418,-0.0193550104907344,0.0131423376786305,-0.0130471625721067,0.0141468239652588,-0.0190442787358887,-0.0216874276027868,0.00235741169377991,-0.000914600912996044,-0.0235384584302361,0.00987783745438228,-0.00722473541116162,0.000356086457204745,0.0177036371636597,0.00993930766829024,-0.0101361806252802,-0.00886577573156705,0.00966312979592139,0.0176449349739332,0.01516158516596,0.0179288602312744,-0.00324903509567311,-0.0086763378850155,0.00353120372590685,0.00893076963390259,0.0209494029858891
0.0211701511498165,-0.0096210346067442,0.0153715073249118,0.00340809139858817,0.00419611000718258,-0.0143603335681871,0.0190839779528775,0.0245987371951088,0.982338011998604,0.021322036158294,0.0129421713181184,0.0197661553857901,0.00956550404944972,0.0138531401720382,0.0209135530354419,-0.00101733589386772,0.00648427036209665,0.0151392397572191,-0.015465770894416,0.0100212431627703,-0.0146822855668026,0.00772743668705794,-0.013882694318935,-0.0125667762181366,-0.00982338454342862,-0.0140008871122095,0.00626986021798175,-0.0183480395096402,-0.00356196831554406,-0.00977532862909595,-0.0202007371126753,0.0125501843404353,0.00238999486884255,-0.016634191342292,0.00290123193234545,-0.0235198209819871,0.0039861932150405,-0.00924222142020551,0.00664730676229588,-0.0183454555650532,-0.00441482326670229,0.00214190827056665,0.0282875376963312,0.00226587097182051,0.00728928509739496,0.0170771851508042,-0.0105576374236878,0.0073619085217464,0.00440155198316475,0.00475533026994116
-0.0275128703526253,0.00118980634037059,-0.0177089779019022,0.00210543815933848,0.00093154944347702,0.0101838261355351,-0.0242262332763874,-0.00244396652856868,0.0153955671021721,-0.0275469676536676,-0.0148400316394311,-0.0245259034263496,-0.00743152969597921,-0.0145011542738237,-0.0251722365130514,0.00883822133614061,-0.00338461681169686,0.982585305983733,0.0111043307290283,-0.00799175563079979,0.0119682658416125,-0.00514504883487818,0.00992087986102428,0.00736157269807529,0.00235028962726995,0.0100152815844257,-0.00323243771095348,0.0164081892293677,0.0129763317791708,0.0029510407105644,0.0206277567671201,-0.012247614294407,0.00507127450951084,0.014944131428872,0.00279731217529429,0.0242357593597499,0.002250569719197,0.0219480104029997,-0.00343709218440079,0.0160197416153088,-0.00730179548749488,0.00408770642299188,-0.00808632213586561,0.00315605657170812,-0.0055584697579048,-0.0190320068114912,0.00288308026348257,-0.00377916381404329,0.000428635184337316,-0.00174543437139407
-0.00520146172320755,0.0217629269956298,-0.00741944580932905,-0.0050693365178766,-0.00742878727020452,0.00347106536339859,-0.00196018890550581,-0.00060435702540247,0.00842971053754043,-0.00888359659606049,0.0124501054931863,-0.0160372518842534,-0.0173846758421473,-0.0187606215280995,-0.0373244402048461,0.0058238754937322,0.000962639624667905,-0.00585538480196286,0.0189780727270478,0.97925760432613,-0.0174798074736847,-0.00429596150043073,-0.00549298653654195,0.000627569051299387,0.00794100471854836,-0.0037674999658825,0.00441311683026138,0.0106412110975763,0.00760754248690657,-0.00349486522361858,-0.00832658551813754,-0.0201089077632885,-0.0263605519401247,-0.0127803764646904,-0.00249060690375121,0.0240552359994167,-0.0237013788645124,0.0160501432341845,-0.00272322139567225,0.0170928364261251,0.018536875424381,-0.00289171675755369,-0.00917603628497859,0.00928281478905806,0.0149215539907862,-0.0329807470792426,0.0195615953045844,-0.0169964607020543,-0.0047374100745888,0.0218657689877771
-0.0174968335724029,-0.0121418523114953,-0.00704233447078526,0.0199029245971155,0.0164167828191867,-0.016388577755829,-0.0106003119283823,0.015481765958904,-0.0056067089752471,-0.0206738941118233,0.0134818897931859,-0.0229595935769375,-0.00258591121921638,-0.0126572225888448,-0.0418923641037228,0.0376510191548057,0.0181256010213171,-0.0053405656472988,-0.00203058035086413,-0.00614919606320292,-0.0319749193631668,0.0114333647741587,-0.0243495687219938,-0.0223618974655207,-0.0224457380302903,-0.02276203589341,0.0212541371627194,-0.00244952134440996,0.04437880884144,-0.0314233420952432,-0.0132822727507118,-0.0109678047270093,0.00551418497324378,-0.0242284912546755,0.0229688892074679,0.0188224787513675,0.00422653960034038,0.0628596153387927,0.0149222322291526,0.00255290192123837,-0.0255780901843493,0.0242519877777567,0.0010824668791267,0.0334417433153639,0.0272703320203015,-0.0304650262225074,-0.0118838581041456,0.00234259016863358,0.018074478471865,0.0379813959985093
-0.0274850952837958,0.00247979565381044,0.982129002249133,0.00225145604435271,0.0008345841634914,0.00965413336923659,-0.0238587352545515,-0.00266792011664619,0.0153862482205486,-0.0278920239929857,-0.0129806705675378,-0.0255843658272639,-0.00856585448483988,-0.0157997854207105,-0.0283877054146041,0.0101107035237901,-0.00264747265166407,-0.0174173555262243,0.0121475374689676,-0.00946793695043447,0.00932421546982883,-0.00494642053006296,0.00848290260816082,0.00653406468900491,0.00224531414011447,0.00875229466621216,-0.00214549275596097,0.0166263068006018,0.0144440108773351,0.001690638040806,0.0189408684008073,-0.0136747417389858,0.00307266779778379,0.0127863004156998,0.00320680226944741,0.0258393776188873,0.000511140898643616,0.0243020268215902,-0.00307322166906555,0.016889526074923,-0.00636841752142804,0.00446116450615679,-0.00919789048207226,0.00475853855951984,-0.00341608228912516,-0.0217860606272916,0.00395624314016753,-0.00486126108515982,0.000602314092516427,0.0011133566821482
-0.013548775416097,-0.0105538363196668,-0.00786479653838176,-0.00540221232445244,-0.00261551647685632,0.0161338775878705,-0.0169066668318511,0.00311277887155093,0.011048432149838,-0.00869478807266037,-0.0333035827088037,0.00160290366603223,0.00818521453556005,0.00801647198500799,0.029538612459317,-0.0178990334284846,-0.0149119761412183,-0.0098480173129481,-0.00409002268662544,0.0124628840056054,0.04430827299061,-0.00846070835383532,0.027900218471982,0.0190968295849666,0.00802895138574421,0.025647622250193,-0.0194268029099894,0.00841185021928601,-0.019092422502026,0.0233028562870705,0.0346510233691481,0.01043048096488,0.0235536324415729,0.0389370564983847,-0.00861396284463952,-0.00710702589437042,0.0192487903812994,-0.0277233372375162,-0.0100582303027607,-0.000218944216920258,-0.0086783527535002,-0.00772162651689441,0.0128495404185405,-0.024064160365363,0.966039589484406,0.0255262827862046,-0.00717048116309653,0.00869854827112163,-0.00631172654079497,-0.0420614637761149
-0.0181853540427223,-0.0101748392374218,-0.00771963569135633,0.0204431969353284,0.016496657239291,-0.0172542523773335,-0.0105882200642466,0.0149594226186234,-0.00539307750073573,-0.0220077204511218,0.0163960883585308,-0.0254214441931988,-0.00458752505909222,-0.0151872433509027,-0.0481031484959419,0.0403703300688667,0.0194972361826683,-0.00573237021955993,-0.000146976596183998,-0.00876080067434979,-0.0364317634978908,0.011813732828436,-0.0267935468017219,-0.0238397188707616,-0.0228486101994711,-0.0249004245342416,0.0232353735889809,-0.00180792968259913,0.0475784928340501,-0.0338016209762661,-0.0157859297523577,-0.0136418727230567,0.00245186167331351,-0.0277423765823094,0.023988284511055,0.0221285052740862,0.00151441861809519,0.0679009240891729,0.0156471617815858,0.00430691674656488,-0.0245209087057257,0.0252537672255596,-0.00116854557020833,0.0365346337681569,0.0309945573405906,-0.0356662485587824,-0.0102328766643549,0.000557544606531832,0.0186045383993628,0.0430752185680975
0.0042699161005055,0.0122328638114032,-0.000526105868895082,-0.0103532837984956,-0.0097275229900628,0.00815197068430402,0.00258393043170146,0.00344458734863774,0.00548199548513438,0.00435898627259787,-0.00233212976991839,0.0030080310654607,-0.00540390047433765,-0.00188709831712404,0.00374470940801296,-0.0138905256318916,-0.00776154465776258,-0.000702059230283451,0.00739335138000619,-0.00506147984587826,0.00768213856676229,-0.00678936858961433,0.00845763269430677,0.00960091689724059,0.0119311773617007,0.00837718103449206,-0.00790435922080741,0.00493874395360737,-0.0159682313258612,0.0118589826599903,0.00322794432834627,-0.00297307097119278,-0.0113996165455078,0.00612095318859054,-0.0107454076618945,0.000811622930739607,-0.0100593898402213,-0.0205625906238847,-0.00766332934031395,0.0050039226574117,0.0164878990755719,-0.0113745210550895,0.00639801154412607,-0.0111534749865025,-0.00696231196621863,0.000628465025413913,0.0114401932166722,-0.00721444917107732,0.990467931414678,-0.00898079259621347
0.0363706811013647,0.00699065721128135,0.0220227795664299,-0.00116193648351058,-0.00167738050237365,-0.020003834907848,0.0349510804220616,0.0253876245682169,-0.0224090819721086,0.0332811926013448,0.0352817036103071,0.0233549452923404,0.000481490347869938,0.00829634258962388,0.00606491676066238,-0.000451200665397794,0.0109480668373005,0.0229794742811417,-0.00798016143472983,-0.00166326764914621,-0.0400972457089522,0.00871147346181001,-0.0272964048019477,-0.0188360329912394,-0.00624426263847516,-0.0259483150030593,0.0136903742281833,-0.0218145459129805,-0.00419318581461334,-0.0167376636975836,-0.0433157807060126,0.00428493485454227,-0.0230464784518624,-0.0398812269981742,0.0001527172411232,-0.0203505375040791,-0.0171988751178454,-0.00841312234600402,0.00787876669378044,-0.0158316683894646,0.0150387470611221,-0.00182865235780243,0.0252661510279971,0.00971378937922125,0.0255875403904487,0.00195634321055551,0.00296556433180944,-0.00383038625963189,0.00125169823493108,0.0266494141657339
0.00830995969144352,0.0116348690074567,0.0019348652231273,-0.0121822757583411,-0.0109454071176656,0.00871905621210924,0.00545395482071482,0.00455128815171523,0.00422286437059786,0.00899775152515731,-0.00363209541922299,0.00820043991065243,-0.00336994850938269,0.00176388500318088,0.0124871440644859,-0.0188001672815595,-0.00947637024039924,0.00144934941254684,0.00528557875470278,-0.00237708551703249,0.0112652512584037,-0.00731117371050236,0.0105178155194741,0.011182382531974,0.0133262567108806,0.0101413128920357,-0.0102039759507779,0.00312413169780056,-0.0219816614472438,0.0149740349524224,0.00362974532442796,0.00044974551354534,-0.0103911164266734,0.00836097179419824,-0.0131255934323091,-0.00470507186503665,-0.00892149854258266,-0.02970472127393,-0.00877520565749463,0.00222875481144279,0.0180851365444949,-0.0139449924663544,0.00999682885317427,-0.0154973443744247,-0.0104921582448277,0.00746023161541554,0.0108617967111427,-0.00596402940322432,-0.0110833601030097,-0.0143799241557595
0.00613808484358688,0.0151375094774456,0.000172010467400877,-0.0108091813556397,0.989491533132581,0.00710252044972723,0.00476594959700393,0.00338711276297342,0.00489812848572417,0.0055773967000532,0.00165941212645545,0.00271939748469644,-0.00728615302979502,-0.00345284136076238,-0.000264708973305132,-0.012949810761943,-0.00671346915858652,0.000249878719621955,0.00901872889227912,-0.00749430582744837,0.00277883999044594,-0.00653357015739637,0.00584062586646609,0.00827129480808823,0.0122946519047796,0.00605844203409772,-0.00625693318404954,0.00466648865880035,-0.0150394342405556,0.0101484488742608,-0.000739768059386589,-0.00495633573773845,-0.0158633046581782,0.00181451634261532,-0.0107992001225434,0.00229588858410557,-0.0138283197251334,-0.0188488700931336,-0.00726421581311368,0.00590565915429919,0.0194939248962304,-0.0116016623636807,0.00526886685784619,-0.00914949357187209,-0.0032684735209492,-0.00309792722981266,0.0138205660226118,-0.00931738947248463,-0.00979625048196771,-0.00435867707032582
-0.0230185739572219,-0.0282058206282676,-0.00807165171964922,0.0203339023652506,0.019236999106404,-0.0102030508673653,-0.0190594726231469,0.0169898603632027,-0.0038771469279501,-0.0220967338843436,-0.0091129517917555,-0.0157832373664879,0.00961362640794197,-0.000379404675256102,-0.0111119271746589,0.0273217044685419,0.0106996575326726,-0.00805334715988597,-0.0129472272680099,0.00967913018323688,-0.0020597040860711,0.00950868058666356,-0.00822244474631294,-0.0135868657880004,-0.0228579686145342,-0.0085395475179913,0.0100119325068507,-0.00297743330177498,0.0329128055437689,-0.0189597852662494,0.00820971678273898,0.00327760653234572,0.0302976797908862,0.00105931653558843,0.0206668385921868,0.00494881058265493,0.0254638695756502,0.0438270918297042,0.0115955592913267,-0.00524917570428253,-0.0397936018036694,0.022662975627538,0.0109867080463568,0.0180851169222937,0.00383118293223481,-0.00326359810518203,-0.0251443977959599,0.0148614561894573,0.0177899807604068,0.0075841159472872
-0.0168391908370335,0.00987743701128505,-0.0126268807753884,-0.0014684215045857,-0.00298896601632943,0.00744848481317239,-0.0138844965382434,-0.0013573302536885,0.0120637229820782,-0.0182822204740545,-0.00345124839891583,-0.0194888762437198,-0.0111686719412294,-0.0153579714827864,-0.028063677831291,0.00623088629211004,-0.00197302771928887,-0.01186920233933,0.0139275283316013,-0.0127582491683929,0.000261154979018809,-0.00491924463731089,0.00384240060202632,0.00488796941955822,0.0051270672565433,0.00455918255331404,-0.000558599187937986,0.0134435817060415,0.00906173769692717,0.00101085055787743,0.00828345468859408,-0.0147142978513072,-0.00817644199809238,0.00361957587004867,-0.000112306643803121,0.0226849848128293,-0.00860601490294676,0.0169704227935374,-0.0034270055670846,0.0157401553988233,0.00423644569561262,0.000399856407434613,-0.00759394101336465,0.00463086443488033,0.00230622298609074,-0.0232062473394183,0.00990109858468837,-0.00912925872654286,-0.00220723025715252,0.00696663690389113
0.0158220774759538,-0.00165475289195029,0.0111216941496674,0.00670850642511747,0.00531713522244485,-0.0180693288121248,0.0172128044953,0.0218499109129772,-0.0159988652179784,0.0130915441345496,0.0250211321103807,0.00682644193199154,0.000506644305125367,0.00168113684680644,-0.00881962600306454,0.0127238380044244,0.0129064920043496,0.01219451929506,-0.00681154748444108,-0.00181874331919093,-0.0342210517451101,0.0095392971207596,-0.0246607696445473,-0.0193083673206672,-0.0123053169385288,0.976594395228616,0.0154278435139451,-0.0146674770762053,0.012764634522074,-0.0210055130531772,-0.0301002905487935,-2.34843460080099e-05,-0.010064021806839,-0.0316481529268762,0.00841303510446777,-0.00711604708398708,-0.00720712005840178,0.0162592818793777,0.0101789007351271,-0.0097437962985022,-0.00141529262992841,0.00771309145947973,0.0172236809695604,0.0170660954256066,0.0239742185579934,-0.00749573891457215,-0.00382016273764994,-0.000340316086586956,0.00747712840824857,0.0279578525680773
0.0135410969352169,-0.00843471088759104,0.0107164148443867,0.00686888247332009,0.0064920043027801,0.984545263551358,0.0136796836504194,0.0224986720275978,-0.0152843251750787,0.012545749668106,0.0154794013890904,0.00991274802119047,0.00567400939225595,0.00690036965520942,0.00426017903936609,0.0083114619887407,0.00975551965110669,0.0110758370824754,-0.0114388739611033,0.00488619985435595,-0.0215662301194434,0.00872171386746735,-0.0178371271137166,-0.0155901403249147,-0.0124628503003987,-0.0173884590619866,0.0106610156486736,-0.0149112258682383,0.00786012560262869,-0.0157142195969148,-0.0210340277565607,0.00602267486660712,0.000397101472845753,-0.0209600326075227,0.00741466636774029,-0.0130298950228789,0.00176035823599568,0.0081280369330072,0.00876331974695143,-0.013065725418472,-0.00739028624565668,0.00701313839583129,0.0214415442319023,0.0105406752008966,0.014050494418912,0.00405277590358289,-0.00941789447904343,0.00495254613164102,0.00733908097265619,0.0150785960942699
-0.0367025184853827,0.00606204172082827,-0.0237924189366911,0.00669613525869523,0.00346137075158403,0.00744581593216249,-0.0298107164454444,-0.0055897412600775,0.0182578404168359,-0.039121476787311,-0.0068127703952377,0.960693830816097,-0.0151743912111076,-0.0263982563713476,-0.0539475921302583,0.0235508379789641,0.00254849867592816,-0.022355739187609,0.0187692031141926,-0.0181540275689867,-0.00342447265228433,-0.00340934384908354,0.001293791842036,0.00148905623433507,-0.00113393287442806,0.00254202666958886,0.00499109001168446,0.0211615780755021,0.0307500026133235,-0.00761326470344709,0.0151283225330219,-0.0239701831326815,-0.00266546292017865,0.00395104150445065,0.00936708879754424,0.0412391881357062,-0.00507952690998872,0.0493021238658993,0.000100266975246561,0.0247445060725636,-0.0084316774561273,0.0109960788622621,-0.0193561291081223,0.0174667629229655,0.00835066835423278,-0.0421734127141817,0.00712193356250673,-0.00958341377346815,0.0044575505170665,0.0183947543332499
-0.00927891550334131,0.00739454190435042,-0.00783299636520933,-0.005058217808347,-0.00517466820762308,0.00907204138589031,-0.00888022895981028,0.000957719997145312,0.00970816487440143,-0.00920427299212817,-0.00785291051778775,-0.008619009365974,-0.00615226974080541,-0.00713068391351711,-0.0082515424343094,-0.00433333407985399,-0.00597133849804954,-0.00782480293495592,0.00886847695863271,-0.00615965759208198,0.00977887312241051,-0.00610883103299526,0.00922809749566479,0.00873098682993636,0.00785846937466446,0.00920430236077902,-0.00602414066627359,0.0098048133132237,-0.00378175534903526,0.00819105970412615,0.010816073974527,-0.00678021841748958,-0.00417557103102447,0.0101017592700785,-0.00501523705131214,0.0106313834478022,-0.0046352185480642,-0.00268469299080296,-0.00589923623220712,0.00961011726768391,0.00625330228783832,-0.00482256693812062,0.000338203892076109,-0.00521829240848951,-0.00658272972618755,-0.00746973902444953,0.00768353282599433,-0.00563982721542751,-0.00530449573168932,-0.00618893317846255
0.0109700220973123,-0.0139968196695688,0.0099719680080481,0.00730457416188394,0.00767389044383585,-0.013365309752764,0.0102562179493945,0.0228577321740966,-0.0144799749602435,0.0113246401520229,0.0077272373241909,0.0116328296833812,0.0096527812568951,0.0106556323258534,0.0137383522260953,0.00543754940143219,0.00740763460523589,0.00978682860673287,-0.0149545716031015,0.0100414144415218,-0.0115915840549422,0.00812518977296969,-0.0124798102853805,-0.0127466334561224,-0.0128245716655708,-0.0126556600641409,0.0070604991839211,-0.0148153221945226,0.0047574456724088,-0.0118103612133842,-0.0135306455208308,0.0105060101190049,0.00896498521565994,-0.012405826829972,0.00697383772007798,-0.0170572636215901,0.00905980537538602,0.00284750832316804,0.00776487385867909,-0.0153813874725679,-0.0126425272944922,0.00685286318128744,0.0243693425428564,0.00580916779641784,0.00634733018728439,0.0125676973078948,-0.0139961627225471,0.00916538428493691,0.00747978900200227,0.00521621155965693
0.00966359794567393,-0.02257964097928,0.0103896755238237,0.00682048997175994,0.00866852276919251,-0.009930033358347,0.00696969355747078,0.0240702430043902,-0.0140683188317492,0.0123809514425953,-0.00452262233664213,0.0173740248001247,0.0167825392621018,0.0184521604088131,0.0331252543253573,-0.00183331694936831,0.00288311763131893,0.00920948643252759,0.978554034665386,0.0193095322846744,0.00534794903433899,0.00692256028389894,-0.00329803329910032,-0.00757238975778827,-0.012498741305861,-0.00457868342239078,0.000325578149299777,-0.0157923439415582,-0.00353171848022123,-0.00412477071677018,-0.00220188042314325,0.0192371048814831,0.0222398279117353,0.00160800977206048,0.00485550566698365,-0.0264057946824932,0.02054117442483,-0.010586672325425,0.00560492147165545,-0.020511985948305,-0.0194144390893766,0.00503154983036583,0.0309117045471697,-0.00385623106154509,-0.0072048195734734,0.0293541912177923,-0.0211139571130669,0.0161577898884995,0.00673126397696239,-0.0126770529709542
-0.00886266596359178,-0.0328137272272649,0.000898767638708851,0.01361737937243,0.0151416638870182,-0.00718003236308542,-0.00967840983742488,0.0213172241930256,-0.00828773005630786,-0.00511109329397277,-0.0172953417379275,0.0045348361855727,0.018969916208163,0.0149833985347143,0.0258804568165165,0.0075826578850239,0.00323697021340885,-0.000481141827889676,-0.0223862501463057,0.0219869270816266,0.015676613152551,0.00728771087109278,0.00181566942251419,-0.00641779032407583,-0.0177473107763205,0.000117525169906357,-0.000186774680421988,-0.00978336623208306,0.00891247175841515,-0.0055562078507163,0.0128981702379747,0.0180873755438012,0.0377252689787936,0.0131276075632847,0.011500079291912,-0.0175683178862329,0.0328433464084525,0.00710145219734607,0.00697833273534009,-0.0166988808044017,-0.0359879444617491,0.0128968933709586,0.0258028340638066,-0.000304687535132533,-0.0127437671436364,0.0261126205576781,-0.0292623876049189,0.0213604652880135,0.0119964931593955,-0.0169565251422644
0.0279302855044279,0.0102740521219921,0.016600100400833,0.00290844063179718,0.000727753915926133,-0.0220272827604968,0.0295016920871844,0.0227115521940738,-0.0197795662361577,0.0229974690349644,0.0409341718762641,0.0107872403406587,-0.00557272648546463,-0.00141188204566953,-0.0173482016606739,0.01185909326224,0.0157078308663298,0.018457353500163,-0.00191414172674839,-0.00962073896243037,-0.0517776792758289,0.0101194641372235,-0.0338829886347834,-0.0234577767607134,-0.00933891681098143,-0.0316381439841675,0.0202280126491599,-0.017661039393821,0.0107418647312501,-0.0252603506321158,-0.0468110184077875,-0.0051461127427597,-0.0283057389000319,0.952023066060353,0.00579472296660093,-0.00624495650645509,-0.0223224787016867,0.0144853185312168,0.0107856297164771,-0.00863671115162612,0.0131516518838453,0.00415631608553551,0.0159615007494184,0.0213546623316263,0.0363675987694207,-0.0167191361777608,0.00586699413824772,-0.00815710156281569,0.00478238483237392,0.0424810003120202
-0.0417916045786295,-0.0189576275214874,-0.0233287123878723,0.00584156994128996,0.00675987326551321,0.0173583369201468,-0.040351999540302,-0.00237208403617808,0.0198571117197323,-0.0374575676257997,-0.0423837548520805,-0.0240558650883374,0.00513289823166628,-0.00463419652300734,0.000275282238133205,0.00372070169222818,-0.0102069500103731,-0.0247182096392107,0.000359476548059376,0.00823130122300762,0.0452107778359464,-0.00677931669062103,0.0276190875499133,0.0161938946099903,-0.000609584556407135,0.0257146530603458,-0.0140743231091909,0.0188549510679226,0.00827164917852951,0.0139911597339521,0.0482727962434044,0.000609145139237465,0.0360059389119439,0.044410832335728,0.00388413365578152,0.0154958032534766,0.0282848883312005,0.0126844493314401,-0.00589812550539978,0.0105379211682699,-0.0288138547331722,0.0064443687148286,-0.00125899022799145,-0.00957077236639929,-0.0303534098113586,0.00500523590430588,-0.0136014854069352,0.0105634314908589,0.00274031018743353,-0.0324782907229668
-0.0411685227349651,-0.0162562932797952,-0.0233354388493277,0.0059018419560492,0.00638079978250961,0.0162939383946372,-0.0391586452772707,-0.00270127204165292,0.0196614903415229,-0.0375558597482212,-0.0385511685464249,-0.0256170092750633,0.00296774715593497,-0.00692864301112105,-0.00544734616135183,0.00578326179303678,-0.00885470687260042,-0.0244240795214438,0.00231764252531643,0.00541885044140595,0.0400025290632944,-0.00642327203879118,0.0248021013528811,0.0146279955347051,-0.000641739976844864,0.0232341513709938,-0.012048480229951,0.0190728682286774,0.0106017264896802,0.0117045355562361,0.0446873336593884,-0.00199448811511754,0.0318321384204224,0.0400649720514717,0.00443633180359727,0.0181885687536374,0.0246886076551968,0.016491757582684,-0.00526762171771821,0.0120286970073128,-0.0265763497174741,0.00689226185822482,-0.00315689744208127,-0.00671698469186774,-0.0262206708090707,1.23396067948725e-05,-0.0113654803539737,0.00840181025502673,0.00289900121356654,-0.0270596105062992
0.0131310545239984,0.00617338983400954,0.00552811152736997,-0.0149467144941273,-0.0120737084148076,0.0113534480819616,0.00760292551503244,0.00672151384010194,0.00272273902811636,0.015916285849684,-0.0120379077824906,0.0184110050757036,0.00327020559346488,0.010977290986776,0.0349373537255008,-0.0294513752699447,-0.0142704519385662,0.00408071450910243,-0.0011102300530539,0.00630988983549146,0.0253321103365216,-0.00867575943073751,0.0183039921103808,0.0161454908331306,0.0154113720796253,0.0169247210716982,-0.016994025972066,0.000112691591476391,-0.0346940420315071,0.023394126846731,0.0103083200902867,0.00985655378173435,-0.00182959659587352,0.0190073311897816,-0.0175283328038008,-0.0173108972627614,-0.00115319681294978,-0.0494814308338811,-0.0114650738096349,-0.0043440465315044,0.0166070167371442,-0.0184474080673632,0.0184603603892101,-0.0266698537951488,-0.0226535777540702,0.0258893273986361,0.00621970523847829,-0.000470264495783225,-0.0136108912513965,-0.0314475480282473
0.0154005707660567,0.0261323514378017,0.00410434446628049,-0.0134870206733445,-0.0141472224114028,0.00330389865858161,0.0146690718142863,0.00371170828702189,0.00200502674981916,0.0126106108496976,0.0165316442597534,0.00416857274323747,-0.013595692277471,-0.00773132893496376,-0.0115211029027681,-0.0117241927506203,-0.00348852391864458,0.00501558174524515,0.0142931879101317,-0.0156219539898329,-0.0145070193119436,-0.00579761418639676,-0.0033120652727304,0.00388588357645042,0.0143983611214275,-0.00208141796264026,-0.00099176350949463,0.00270962500943062,-0.0144067120343326,0.00504175007092954,-0.0159641190643719,-0.0109707986145888,-0.0327151926776394,-0.0138162860119519,-0.0121869119720543,0.00533380233005487,-0.0279154684836713,-0.0167142448598498,-0.00626335338913033,0.00803669920200561,0.0319698774194296,-0.0137574415630614,0.0026616954453055,-0.00351058359400566,0.00934234205823374,-0.0142002563527133,0.0227871562904246,-0.0168727732067085,-0.0115913412154023,0.0109349180431617
0.0224922910939421,0.00898942314711994,0.0106494845405275,-0.0186697820494123,-0.01518332295649,0.0109349971766691,0.0153822165307817,0.00853403410032874,-0.000196960501137281,0.0254409635680983,-0.00898412841767512,0.0268899094940281,0.00425480224686151,0.0151391712518145,0.0445595093046634,-0.0365865136166441,-0.015812276746088,0.00900910715286504,-0.00256006963444946,0.00767718435339982,0.0249699665267679,-0.00922829165885767,0.018362891516627,0.0170878911880833,0.01827195620512,0.0168723997314372,-0.0187420995513742,-0.00334328599665446,0.95627161605761,0.0264502765284395,0.00575342051575854,0.0130776400398605,-0.00600432797435224,0.0171417121224076,-0.021660839852017,-0.0247639712040296,-0.00418950981867062,-0.0628177487612032,-0.0128351918430353,-0.00788848223612065,0.0233028128672938,-0.0231335688369858,0.0231098815946779,-0.0314352273393503,-0.0237979858225971,0.0326250099290137,0.00837672563927237,-0.00111413969809059,-0.016606885078455,-0.0345555736923561
-0.00447671509742992,0.0114830870392153,-0.00557138129071335,-0.00664408936760879,-0.0069508642057718,0.00776720971355736,-0.00417903109998507,0.00141442032190689,0.00820904116396961,-0.00508836435545322,-0.00246927102897546,-0.0065048938018967,-0.00799327203602008,-0.00770018281653795,-0.0100077595326283,-0.0053248256537976,-0.00523214280624853,-0.00533225403803435,0.0102856904768399,-0.00851191786721158,0.00414075551925249,-0.00597912997279951,0.00629146824580221,0.00750154605855333,0.00909184521617011,0.00657229630111096,-0.00466786211124791,0.00850305929867569,-0.00533320790461751,0.00713996614040497,0.00502736978122725,-0.00809165690714021,-0.0104146416674546,0.00470462872214187,-0.00626510846445936,0.0101618598767601,-0.00976258999112244,-0.0045882004650238,-0.00584305505139195,0.00960788669676411,0.0115726976454606,-0.00642739958213289,0.00040177635431276,-0.00432785348527113,-0.00274314187763652,-0.00973713509210904,0.0109907427389072,-0.00819850505805964,-0.00646477416301072,-0.00186672936154605
-0.00560090013322186,0.00103322407808361,-0.00478823256466254,-0.00743617645588706,-0.00588519989938606,0.0119867740952231,-0.00783057956381177,0.00300610801802437,0.00856484204546454,-0.0032868290868058,-0.0174342824418096,0.00102629544094975,0.000861000468339681,0.00214323367796649,0.0144309986135397,-0.0146744792137667,-0.0108989127279261,-0.00578773476659567,0.00219529044779706,0.00300249512064784,0.025036488750467,-0.00749282540069156,0.0176309594557199,0.0139392107867273,0.00964350605171431,0.0165419219990454,0.986925490575236,0.00711630611714874,-0.0160392874912023,0.0167886745699302,0.0187767550793685,0.00285651111165943,0.00575734793518312,0.0219096016849451,-0.00909632314231212,-0.00176961437944418,0.0042545052429977,-0.0218712841619134,-0.00858141468652598,0.00308824008647046,0.0035612882029788,-0.00892080560290737,0.00872218118375356,-0.0165102109939845,-0.0195352593938718,0.011340269495478,0.0023152854346652,0.000401150238858366,-0.00754539178619694,-0.0241212011067357
0.00408041037882015,0.0175555586481413,-0.00137364757402224,-0.00961863248068609,-0.0100328602111374,0.0059422501005787,0.00387214937607003,0.00244526914775846,0.00553834712533301,0.00259916411414315,0.0053727482061651,-0.00171214224922201,-0.0101974607875179,-0.00747423045042864,-0.0100669524476566,-0.00831593541939261,-0.00461694309518933,-0.000874378950160907,0.0118196530994635,-0.0113025077435476,-0.00340450964338179,-0.00593755303430026,0.00241974937353815,0.00609660997016662,0.0113970042478003,0.00307746215603677,-0.00328471326964172,0.00596730283376567,-0.00951219566536717,0.00646847086842495,-0.00370389028504506,-0.00906880863549556,-0.0196523299912955,-0.0028756126229479,-0.00889143516731036,0.00778656365434463,-0.0172614193076285,-0.0102454590725391,-0.0060911707855199,0.00877076740860942,0.020186845917452,-0.0096536908297593,0.00158013692984942,-0.00427118587847074,0.0020678505298186,-0.0111520101111978,0.0158743001786644,-0.0117355351767614,-0.00870508296346735,0.00312070393242769
-0.00921262594866237,0.968040288851055,0.000574666718070526,0.0138741234542202,0.0151922418051416,-0.00755992956362529,-0.00971143797990437,0.0210778127330584,-0.00817907120356344,-0.00574658697569911,-0.0160245723536514,0.00340678264473097,0.0180818905335103,0.0138465556674348,0.0230926268995084,0.00881768362963038,0.0038497789597643,-0.000678321657180328,-0.0215479996118262,0.0208278684967354,0.0137119099939725,0.00745826510500088,0.000737024856681599,-0.00707449547483413,-0.0179391765928303,-0.000825735977863896,0.000696024959345141,-0.00948323427133732,0.0103688179416982,-0.00662064490421937,0.0118159464596307,0.0168916143611576,0.0363946706132224,0.0115863795742685,0.0119702454832628,-0.0160728482829581,0.0316616533873775,0.0093915918185571,0.00730494941735481,-0.01590747920844,-0.0355545054815842,0.0133620172678377,0.0247866929748802,0.00108348590154862,-0.0110948871504032,0.0237844733248778,-0.028544563952037,0.0205760266045429,0.0122451456788851,-0.0146936555256305
0.02220675553051,-0.0110402342271867,0.0161779701830653,0.00278368457733554,0.00397027484535664,-0.0136929215287016,0.019480223907976,0.0251091889926389,-0.0179844110556503,0.0228809558968737,0.0107812332520468,0.0221686384854254,0.0112105450069488,0.0160846652901719,0.0263605586573538,-0.00355469801548837,0.00531174146695504,0.0157083236921864,-0.0170411264282583,0.0121719212491797,-0.0111526715711541,0.00739576270423156,-0.0119337429609293,-0.0113409766892942,-0.00935337362486348,-0.0123010467259315,0.00460121029593513,0.980960818965751,-0.00658088838167716,-0.00772230925839288,-0.0184449881929641,0.0148473142799068,0.00461038474684796,-0.0139337962740421,0.00187398881360196,-0.0265409098307039,0.0059871497959255,-0.0139518797850806,0.00599863893548305,-0.0199269158590219,-0.00490720020131216,0.00109980468054805,0.030322360305074,-0.000445293484157457,0.00426437491583028,0.0215697868641491,-0.0117595979115728,0.0087495561248559,0.00382321024712418,0.000537507327528031
0.95404065046328,-0.00628529153535446,-0.0275344112937957,0.0092057692059118,0.00719095406820062,0.0118025538525757,-0.0400730548106252,-0.00567092715067463,0.0211498716279527,-0.0457544860911205,-0.0236382109986283,-0.0396052550498192,-0.00766262711843626,-0.0207320554553511,-0.039257711009702,0.0209540187357157,-0.0014610883476776,-0.0271002023793281,0.0123870562704668,-0.00846151325548703,0.0166537729927257,-0.00435723921295657,0.0119660899919929,0.00675234765545184,-0.00311602758243411,0.0120161805906538,-0.00142909701581878,0.0228750534926038,0.0285327301318632,-0.00116337971248135,0.0321180321408188,-0.0164357536396434,0.0162825711234267,0.0218548624478653,0.0103066759467164,0.0364790013894074,0.0108341735405635,0.04463034658257,-0.00129018907858322,0.0216811867356467,-0.0218688140251491,0.0127397351311077,-0.0155570741851986,0.0101168300667794,-0.00652810267663568,-0.0281359267508702,-0.0029705102707517,-0.000887078500072946,0.00605792744342801,6.88996487278586e-05
-0.00915147801571241,-0.0145804168479898,-0.00471943788630436,-0.00780663176884561,-0.00370999956905908,0.018143001307102,-0.0146900130351707,0.00492138100951368,0.00967968629320647,-0.00266254424992315,-0.039592022940334,0.0101086220813769,0.0133944267957443,0.0154433047051526,0.0475985700147571,-0.02665018709142,-0.0187320597086374,-0.0074608384750447,-0.00914322270301059,0.0192834654497714,0.0551695890550346,-0.00955614240901095,0.0339305395585146,0.0230050860501528,0.00984624600046718,0.0308939355047763,-0.0248063445568455,0.00583526539172417,-0.0295739434180332,0.0300370351146093,0.0394958675503828,0.0179400656878384,0.0298828334546523,0.0470441045644297,-0.0123154784440836,-0.0173935798804064,0.0250450703059906,-0.0439783744022931,-0.0122375365993066,-0.00555814672107709,-0.00934597920351217,-0.011539676114887,0.0197306988427234,-0.0330501811962125,-0.043454189540215,0.0402687330179535,-0.0106097795875168,0.0129046531957565,-0.00848106358279922,0.944507887843666
-0.0294063159092699,-0.0144980671887299,-0.0166544015715307,0.00100573501179101,0.00259549198230455,0.0165021298949243,-0.0298624822490466,-0.000105357802934648,0.0159938573663975,-0.0250697927338951,0.96271595912134,-0.013458394282356,0.00578439609020114,0.000121498001144101,0.0111483220072196,-0.00497865283513883,-0.0118221533513135,-0.0182076465244156,-0.00095893808359112,0.00919273373229036,0.0432183359072916,-0.00739566984884586,0.0268735588424517,0.0169653134727748,0.00311011569098052,0.0249223595345776,-0.0157617629732125,0.0144133157829872,-0.00282543523787576,0.0173076959594415,0.0412883448284563,0.00404815579109625,0.0293453360711474,0.0407101857424428,-0.00134185191312353,0.00656594881007509,0.0232769240058345,-0.0035895144570258,-0.0075001741292659,0.00635253302187702,-0.0194319928998572,0.000466186653448091,0.00424815238554735,-0.0149499088072804,-0.0306388779877802,0.0123284569936664,-0.0101368559874735,0.00909306714925844,-0.00111897434023507,-0.0349481699335012
0.0276008380649409,-0.0150994818798884,0.0199146312644034,-5.7917534694903e-05,0.00256744355331087,-0.0115912484044982,0.0224358586461003,0.0271702881941677,-0.0196638765149109,0.0300242445946251,0.0043379012492556,0.0318583351525345,0.0168196544467542,0.0242947875283395,0.0462867409673612,-0.0134012384013306,0.00113504615509283,0.018624762494714,-0.0225204803869358,0.0195221384688473,0.000355800589217562,0.00618953574704102,-0.0055240232993873,-0.007116951868876,-0.00720204597782828,-0.00673266435670416,-0.00124781868075174,-0.0220430093514465,-0.0184121289682163,-0.000333348703544633,-0.0136509950325709,0.0230726267155349,0.0110103827092194,-0.00546698870787084,-0.00237697935904889,-0.0380428619795013,0.0119090784653861,-0.032247982207385,0.00357798186047359,-0.0258719232334739,-0.00509886731969237,-0.00331772831100367,0.0379905744330745,-0.0103581621724504,-0.0059079817979974,0.0377491743715894,-0.0152459871240271,0.0131673544725013,0.00128749247352427,-0.0139681865858103
-0.0095899362142437,-0.00701862222801305,-0.00602313900359576,-0.00668938975125349,-0.00409105240897021,0.0149902907459375,-0.0129868323862295,0.00345980304636842,0.00981249985497528,-0.00534968780239658,-0.0286276411234181,0.00320648672554301,0.00652138516385435,0.00737851904154158,0.0276739446005597,-0.0185501568728333,-0.0142072821793082,-0.00779543034469708,-0.0027870882809287,0.0103335069743163,0.0393206807857696,-0.00832804967732393,0.0252945075313609,0.0179766034738724,0.00903114136374472,0.0233155664412307,-0.0181683677320396,0.0073680571227277,-0.0201793585348624,0.0222732204140959,0.0296638906395399,0.00916473378370027,0.018155023747924,0.0342111848218653,-0.00959013440229712,-0.00728517488820146,0.0147995165178727,-0.0289849600904135,-0.00996463354721677,-0.00010765873719051,-0.00417575617260972,-0.00899484035139742,0.0127573318514801,-0.0231223539204942,-0.0305193832131915,0.0233006044399835,-0.00430699672125865,0.00645041382662898,-0.00724477599700594,-0.0381297662449143
-0.0278205175741434,0.00556085356443394,-0.0184944799363618,0.00277480650927865,0.000728172018062817,0.00835712197835262,-0.0232823792752102,-0.00330223381689622,0.0154892351304916,-0.0291601485022566,-0.00849628283190208,-0.028578514703571,-0.0114246155399343,-0.0192037259819982,-0.0367865176048433,0.0135781599403622,-0.000750735512659856,-0.0176368567728887,0.0148001737082554,-0.0131919690835739,0.00277537980183964,-0.00442941094788721,0.00491024027062056,0.00443887149751726,0.00186111810229262,0.00561889158975557,0.000628616842315931,0.0173171241851448,0.0184781302401592,-0.00157062668759169,0.0149495292680771,-0.0173570649052807,-0.0017090079772032,0.00750956522492383,0.00440197139426159,0.0301426914848374,-0.00367624120687255,0.0307225217407823,-0.00211064175861963,0.0192020815247936,-0.00434032688513184,0.00559079202079716,-0.0121584682629252,0.00894292987368791,0.00195233580195464,-0.0289146129874635,0.0065274458287247,-0.00752000935483987,0.00116293193209319,0.00834523886088389
0.0093356117895511,0.0182707560699194,0.00753548865325827,0.00429226375459896,0.0043560692974308,0.0156796180291347,0.00896247922302784,0.676896864370702,0.0150774563382278,0.00912858611513264,0.00819476099627467,0.00819987944983905,0.00520678888903797,0.00633287923150677,0.00707962727471185,0.00377374880445218,0.00557718497223355,0.00757571096938941,0.0164189991026034,0.00510823938552279,0.0141642720225737,0.00557343601409021,0.0152063057378104,0.0159965494033927,0.017273895734198,0.015289946112929,0.00575068282198741,0.0150326004934402,0.00317115464854267,0.0165104121514042,0.0132166065912205,0.0058706339904926,0.00255577417877015,0.0139284238847466,0.00432333412757882,0.014473096997221,0.00319051531046511,0.00212917356970145,0.00537307803450664,0.0154717716478583,0.0195324019048631,0.00408008998804435,-0.322636384894275,0.00494270096231881,0.0067547798598699,0.00628357849276926,0.0178547472527693,0.00460636954713569,0.00459740541285741,0.0065059207010206
0.0005566825878345,0.01131979965481,-0.002585752728681,-0.00885149616519049,-0.00850802330718796,0.00823386170854343,-0.000447000941114598,0.00268913872112739,0.00664002079328975,0.000521516613918422,-0.00324900705943499,-0.000527651447869321,-0.00597542007858329,-0.00374656712091073,-0.000588238003571357,-0.0108544398211338,-0.00703193450880775,-0.00265970872564047,0.00813513464219055,-0.00583938060828598,0.00740521242435104,-0.00653833242439007,0.00820541781826364,0.00909497829507104,0.0107784411570404,0.00819698160657915,-0.00703717745824213,0.00634593457859966,-0.0121468481349782,0.0104447189117509,0.00476841099118906,-0.00447936719024063,-0.010059730565058,0.00651847790176178,-0.0090390921196632,0.00402666474649396,-0.00913036430478677,-0.0148917099590594,-0.00706130826045246,0.00654994204596052,0.0139773069267582,-0.00945406524569345,0.0043746516987233,-0.00900598775154511,-0.00616691393513154,-0.00248474493825813,0.0107543412589076,-0.00713093840242936,-0.00831462404562359,-0.00729157712794855
0.0160621542730785,-0.0100975301746954,0.0124304284350882,0.00556951180260606,0.00582031188015336,-0.0145691046580197,0.0151240551908689,0.0234200400935819,-0.0160693846954498,0.0158160739115744,0.0128063125398174,0.0142433068931943,0.00808759872162891,0.010497836062551,0.0129799434625211,0.00394600665629012,0.0079390749861848,0.0124357458637561,-0.0138082290328264,0.00805081646655301,-0.0166707783749452,0.00819457657486891,-0.0151043789901921,-0.0137677744881653,-0.011478123092612,-0.0150168701356842,0.00812704399382756,-0.0162733771297775,0.00260379750996444,-0.0124929526146125,-0.0190994438004332,0.00960425335426038,0.00302508169495252,-0.017396447933953,0.0055049965890482,-0.0181083210631199,0.00421167871027176,1.46134610233862e-05,0.00769924976976857,-0.0156832920246641,-0.00731281443727587,0.00501933173679753,0.0248196797880583,0.00620328038985286,0.00968858837430538,0.0111073277526353,-0.0108522673556324,0.00681978119798044,0.0061873367106687,0.00882347100328688
-0.044705919084784,-0.00280140234214765,-0.0272782714683407,0.0090880087432658,0.00656189995283962,0.0104654961468549,-0.0381965331840131,-0.00598416495542399,0.0207573457302679,0.954615865024094,-0.0187439733981434,-0.0410967884915645,-0.0102876142195388,-0.0233527682111376,-0.0458332321605427,0.0231346214247144,0.000130482755756977,-0.0264822101642813,0.0147322144790696,-0.0118667123210966,0.0101983941029846,-0.00394574817159193,0.00848772405903653,0.00486577467671685,-0.00300805501367929,0.0089479200936386,0.000984300595204658,0.022965912487742,0.0309458779349372,-0.00383152188012441,0.0274516919750337,-0.0194871585610295,0.0109087570381479,0.0163876419773156,0.010775726231811,0.0394220339674554,0.0062328790950525,0.0486470070344423,-0.000581722063357433,0.0233405561940962,-0.0187578142660408,0.0130512897151282,-0.0176625386016265,0.0133976489269712,-0.00147969983173815,-0.0339586485061603,-9.57334362769022e-05,-0.00359179275478059,0.00609934330909329,0.00660515339003929
0.0365701553295536,0.00147062721879875,0.0229034755941546,-0.00192510331539106,-0.00136164002898005,-0.0177119570323232,0.0336173092101462,0.0264247199531471,-0.0224684401674132,0.0351095108674213,0.0272908546777649,0.0282535295108029,0.00545386353148891,0.0140928274890167,0.0203939016108532,-0.00623560134035791,0.00768588441157306,0.023159743817179,-0.0125717444393202,0.00481059416417045,-0.0285978561779726,0.00782776543193274,-0.0210336593717527,-0.0152009366223746,-0.00568930783658752,-0.0204512569970223,0.00889815431958226,-0.0228824820145077,-0.0108924466369006,-0.0111454649584407,-0.0361272292553118,0.0106086725607403,-0.0144877419290305,-0.0305502197276257,-0.00177158033728507,-0.0275875350076768,-0.00972959475838269,-0.0191185998047524,0.00624763663877061,-0.0197398884726005,0.0112041382447312,-0.00361502180029259,0.0302648838143232,0.00257372965900477,0.0162207491548233,0.0141776045467444,-0.00163299276760336,0.000858859501002283,0.000392984810866909,0.0140963052463833
0.0206917891418319,-0.0128085156446872,0.0155306480396919,0.00322535023484294,0.0045633717406411,-0.013084002675577,0.0178685449563378,0.0250507252337165,-0.0175112325209042,0.0217218611880508,0.00839209189490855,0.0219062236301848,0.0122158841875773,0.0167537364458042,0.0281256416839003,-0.00372484970782667,0.0048016495426432,0.0149284433340084,-0.0178792710436361,0.0134665930543147,-0.00838733085342574,0.00728008237779861,-0.0104704297129568,-0.0106431551848668,-0.00970011336404836,-0.010999283837708,0.0037656305360351,-0.0187137670127241,-0.00664936101792973,-0.00691680385364177,-0.015994109193775,0.0157973752642817,0.00732013284836039,-0.0114276592432946,0.00211084351480742,-0.0269996990244184,0.00825069214648879,-0.0142449372468249,0.00584355905252329,-0.0202548424274031,-0.00692635606291158,0.00146147827180815,0.0307224209254761,-0.00132971345087036,0.00225203243877382,0.0233206825259307,-0.013201174076114,0.00996000171761077,0.00412109164031707,-0.00189670741088086
-0.0131035052533059,0.0182716870072373,-0.0115884613075192,-0.0020631464639246,-0.00472761347447678,0.0042836866261624,-0.00882628502724309,-0.00193498475151295,0.0108948690117253,-0.0165990707667583,0.00826382141724011,-0.0222524781201859,-0.0172271587686239,-0.0211340943262967,-0.0426266194859499,0.0107222095149117,0.00161933469004607,-0.010000533206748,0.0192912896898892,-0.0206097508365155,-0.0148765031989003,-0.0040036539260409,-0.00429248070488622,0.000553872111036122,0.00562495366143214,-0.00262552072280016,0.00493928819127902,0.0133599548400512,0.0139344510523527,-0.00497104948386262,-0.00302697702540072,0.97842104482591,-0.0211098867900258,-0.00933451430065164,0.000631101258232996,0.0289332615030211,-0.0196340538407256,0.0252268395325193,-0.00188652841524713,0.0193195100611853,0.0120906538953382,0.000727239290368025,-0.012122499399189,0.0119000083768872,0.0140221893430052,-0.0362549511514776,0.0168134371161305,-0.0155139147476447,-0.00236713144881571,0.0219960871808727
0.0189140521919503,-0.0191560826317832,0.0212762364834737,0.0193270533642518,0.0216271756243383,-0.000992430232945881,0.0157849720558951,-0.300974172754868,-0.00577607019454608,0.0225365608375527,0.00177766518959992,0.0296309756105607,0.0312702098216558,0.0324944964487307,0.0505652166847805,0.00873182589391087,0.0132910789768605,0.0197426326569362,-0.0162340831878085,0.0345638559122573,0.0196554490834861,0.0184331433165527,0.00782316443038883,0.0017537610227908,-0.00553436168165907,0.00612705710813138,0.00989868086647328,-0.0079335695507476,0.00705260601592376,0.00572927822331647,0.0108076541692491,0.0338624936948927,0.0403314809631412,0.0150858781678136,0.0168023288328863,-0.0209891460322096,0.037663203864943,-0.00109023089466354,0.0169169171279921,-0.0142889381660488,-0.0161374054147705,0.0172206689877299,-0.292643287268208,0.00522413695071327,-0.000484017635082749,0.0464036975292112,-0.0169589804750165,0.0309551761864676,0.0189697038013316,-0.00724705468124268
0.00105860958558712,0.0210536535333961,-0.00363620648404027,-0.00787673736990865,-0.00933078353326009,0.00426015977150587,0.00254533250615009,0.00107159531416348,0.00647856822521093,-0.00175910473015149,0.0107495511970845,-0.00817533009074434,-0.0144258948638959,-0.0133257004353417,-0.0243280651098557,-0.00156428220995871,-0.00156872157731778,-0.00252469528656002,0.0158896896443688,-0.0168339105955715,-0.0123759151056269,-0.00507054278893346,-0.00254458443354058,0.00293726706823711,0.0100834487940883,-0.00124810201416557,0.00103503678707629,0.00786818304229633,-0.00145688745764363,0.00111666618688676,-0.00798774170473988,-0.0150488479487375,-0.0251346727179505,-0.0096744130495316,-0.00610720358880596,0.015782755623794,-0.0222316319500036,0.00229023145913216,-0.0043836904908399,0.0129419676193331,0.0211667057702703,-0.00680899345784036,-0.00379047236938939,0.00282608939660132,0.00981589066871521,-0.0228652703466952,0.0188462544417477,0.984757907899598,-0.00711018785638017,0.0139861035413662
0.0192022145322712,-0.0174486317199608,0.0152953700653624,0.00330403769866318,0.00534515888227576,-0.0112889368997459,0.0155041590887004,0.025512421263459,-0.0170444995404659,0.0214273389065292,0.00185412662398495,0.0241013971163148,0.015778967712982,0.0203795005715215,0.0372052248797842,-0.00682082975140439,0.00262094099027478,0.0142007636935238,-0.0210748065456351,0.0180906542778406,0.000315054554560428,0.00671295791344595,-0.00577583170583188,-0.00807731649493068,-0.00978417451072156,-0.00686043357559014,0.000471595368682815,-0.0189108140880022,-0.0101000265506177,-0.00325086428709407,-0.00979598246406645,0.0199840011716762,0.0144810379632055,-0.00409097669805611,0.00138893178113317,-0.031131268397316,0.0143937680220968,-0.0199518856474181,0.00485811429079848,0.977429827216752,-0.0109797542575355,0.000940146815983267,0.033663470117693,-0.00585915404986329,-0.00458438784389831,0.0313223369609081,-0.017033617157504,0.0135955783795018,0.00400066714220235,-0.0107829741098998
0.0162680044676866,-7.53816892007219e-05,0.0111658174872441,0.00670826911631793,0.00507006885176187,-0.0186851672318646,0.017971754410601,0.0216776468129332,-0.0161386862914554,0.0131242884546442,0.0272530821779373,0.00600840053711185,-0.000728863741374658,0.000401070586011998,-0.012019370493853,0.0138427327471385,0.0136694418607854,0.0124097952032718,-0.00569939372137245,-0.0034227945556434,-0.037218640903629,0.0097388078156246,0.973720311282526,-0.0201997638534746,-0.0122969975316453,-0.0248321228224859,0.0165761097507907,-0.0145745822010247,0.0140195268645771,-0.0222914436683554,-0.0322042368486899,-0.00149011630740589,-0.0125026381640754,-0.0341640478098841,0.00869176692599425,-0.00563782971951535,-0.00930305555452721,0.0183231146511033,0.0105285353164084,-0.00891997036753403,-6.62187717896291e-05,0.00792667079757759,0.0161761526036934,0.0186620689863215,0.0263393853381048,-0.0103030121310121,-0.00251448225937677,-0.00158905460704882,0.00754028480528571,0.0310439001148999
-0.00464316799733132,0.00421634614615757,-0.0046645759160418,-0.00746229243550428,-0.00640152836682856,0.0107502713235984,-0.00625670822425214,0.00267351876719377,0.00826465066112919,-0.0031556410163067,-0.0129423052366651,-0.000553975875480277,-0.00160713499841545,-0.000392277057350292,0.00808767607141141,-0.0124822970065947,0.99061877698022,-0.00532256173032527,0.00441312383415318,-0.00020125451829266,0.0190293535780032,-0.00709697946252845,0.014388416345828,0.0121600940340096,0.00967987185320597,0.0136840223314228,-0.0107863910162977,0.00727858794266152,-0.0135877605040984,0.0142338014922819,0.0145308513386419,-5.91991848179929e-05,0.000843665796438654,0.0168570213032615,-0.00856644000477611,0.00114015777113007,3.51068414501839e-05,-0.0178289501857757,-0.007890477744383,0.00471408221845068,0.00630980834613947,-0.00852524609588321,0.00665583867671313,-0.0133460446363871,-0.0148053409691661,0.0057632494339246,0.00494562347245036,-0.00210470316035063,-0.00743951290615024,-0.0179607688265416
0.0143281634917739,0.0315312795587077,0.00272651707365517,-0.0123593387706391,-0.0141826784726397,0.000992700151795453,0.0153154496580132,0.00248027761323474,0.002336573792549,0.00985290452091648,0.0244420023931316,-0.00164029899142674,-0.0187854309685935,-0.0140606404643168,-0.0271054914237242,-0.00513162277513991,-6.80857972077373e-07,0.00437383260956259,0.0191356131643946,-0.0223867341526586,-0.0262644238745044,-0.00484027308348952,-0.00973907521265677,7.12429258424795e-05,0.0135641312210617,-0.00771301378523887,0.00408403529080893,0.00412504243283899,-0.00670000977216895,-0.000975583566626961,-0.0229126679043956,-0.017753511976903,-0.0411039154529287,-0.0232109384553659,-0.00983069770944514,0.0134452781566191,0.964707348035916,-0.00450090683440441,-0.00446384001383923,0.0123726223830286,0.0352809566274773,-0.0114913239440223,-0.00289484434699064,0.00425232120832067,0.0190527437658711,-0.0273558726707199,0.0273023425148902,-0.0216212305209442,-0.0104330965501516,0.0240944785455842
-0.0302663652322494,0.0258983124820629,-0.0227464137518656,0.00633007113662471,9.79891814587481e-05,-0.000222584923547958,-0.019651849411598,-0.00754657014961971,0.0162412896786311,-0.0377869376650483,0.0211293323940288,-0.048611201937462,-0.0303809874420747,-0.0418468446096365,0.907359829061329,0.0367132115837061,0.0118477840178486,-0.0192087123163062,0.0324025937241399,-0.037887961920842,-0.0405870234266658,-0.000992155498207659,-0.0187519037532637,-0.00945959479454073,-0.000751887615801126,-0.0151314960460875,0.0190426708693217,0.0219750712142102,0.0454115646916063,-0.0232423331492175,-0.011374774383128,-0.0418212767185623,-0.0332766023456971,-0.0273920298122653,0.0124163174681798,0.0588210132118249,-0.031335290939229,0.0735633885549427,0.00429710197718391,0.0346024617673592,0.00893060826250908,0.0131843487021129,-0.0318770120887931,0.0367692221102761,0.0375332877829824,-0.0762864900926394,0.0235040780518294,-0.0251127096705459,0.00494757585077911,0.05631446507801
-0.0411890997125229,-0.00714222350463404,-0.0246077799105284,0.00702771407293188,0.00576327420794263,0.0125343368123897,0.963275164566389,-0.0043372054752212,0.0196632396469249,-0.0402333592851829,-0.0253909242198936,-0.0333468119163746,-0.00512719511139559,-0.0162668771063561,-0.0285533137499667,0.0150047289170575,-0.00357315897408959,-0.0245579090458487,0.0097750236367578,-0.00511770476801194,0.0211955957884281,-0.00499692895988951,0.0145679119046175,0.00871738147430949,-0.00145544345459446,0.0142478066241123,-0.00427290041791719,0.0207055838908672,0.0212565118721825,0.00266411644593921,0.0327894194026125,-0.0122251854392403,0.0177071370883112,0.0247530820789191,0.00744664814532013,0.0297738510343891,0.0123814082567644,0.0335541112636337,-0.00264633607321264,0.0183008135291814,-0.0200904129275897,0.0096590768307736,-0.0111753383064975,0.00479755650397744,-0.0109485096537889,-0.0197428545978638,-0.0037790103719787,0.000716487864498395,0.00420476301952787,-0.0066436610756106
-0.00539012060106631,0.0189450375678633,-0.00714086770512973,-0.0053326823531015,-0.00717709479971157,0.00461798756066308,-0.00285897366075685,-0.000146816260187983,0.00848996520504341,-0.00827128099707908,0.00840229660552604,-0.0138735917000356,0.985045551043853,-0.0160201377667032,-0.0305294829364469,0.00318064194391778,-0.000604237931814705,-0.00591747081366581,0.0167505517328506,-0.0175809434287715,-0.0117785129611723,-0.00471628055193167,-0.00239583577187032,0.00239737414106812,0.00812779798605331,-0.00104581580428017,0.0020954707576945,0.0102188591035136,0.00456991407453187,-0.00082152441202774,-0.00462969278455443,-0.0170786467606158,-0.0219973283886292,-0.00810589779798929,-0.00331593984400556,0.0207029819240357,-0.0199121909644881,0.0111621998985734,-0.00348828546991384,0.0152677582291804,0.0164338756167454,-0.00363180389154791,-0.00684526888081936,0.00589602306015524,0.0103217678972083,-0.0271401360987336,0.017219902922652,-0.0146563426570792,-0.00507035380254323,0.0157495929076557
-0.0233759269654982,-0.0346491854696566,-0.00739107553745415,0.0196995647709955,0.0197894495674723,-0.00757463376735789,-0.0210590896950416,0.0180543888994165,-0.003762447984815,-0.0206148051085688,-0.0183766425528271,-0.0107499434682681,0.0151981131419351,0.00594265942828705,0.00455783773225682,0.0211987991650079,0.00709176502070337,-0.0081560362301547,-0.0180703282460183,0.0169446179396231,0.0110198952348187,0.00853973253670851,-0.00111506697886452,-0.00951816190900319,-0.0224062541095345,-0.00229463493274449,0.00467961822947343,-0.00397447999604735,0.0258695703453617,-0.0128007156452469,0.0166560593584187,0.0102570172002471,0.0402760921811015,0.0117705898954264,0.0187396280905528,-0.00280362054307701,0.0341342545386605,0.0325032950348423,0.00982894050597489,-0.00946571352459075,0.95543477428557,0.0209269065693853,0.0163725489071034,0.0102751261430897,-0.00673299046098789,0.0101929715170554,-0.0305003720823826,0.0202260305204276,0.0170018080102983,-0.00647550253542614
0.0315341871943372,-0.0185048206176771,0.0227009729524402,-0.00218458278093955,0.00157499098015024,-0.00987508621947014,0.0244714195535052,0.0287529246537929,-0.0208883098259884,0.0353628311589025,-0.00100350722865797,0.0393005739010407,0.0213049753501065,0.030737128907949,0.061944098810696,-0.0210308301555001,-0.00216832317742565,0.0207574270790013,-0.0268800015774455,0.0253962542691932,0.00966613639282568,0.00524036878679888,-0.000350339803755287,-0.00374828801332733,-0.00559387763394343,-0.00223340254460155,-0.00589241161393423,-0.0243127475858092,-0.0275587441409828,0.00549578020446821,-0.0095737587376646,0.0295697251909287,0.0163674220626129,0.0014548707087839,-0.00562332469153473,0.953005032610245,0.016828624639028,-0.0464211789497895,0.00168499408270444,-0.0305128955837528,-0.00555606095854527,-0.00667358248829572,0.0439732594439298,-0.0181483467515054,-0.0140712595798931,0.0505110701753848,-0.0181589349008446,0.016764147657404,-0.000624984964542548,-0.0255422843533953
0.00222015724316241,0.0226060914263373,0.00274731836376764,0.00791576810947357,0.0062763558528935,0.0133275417730478,0.00478971422505378,-0.325639585785935,0.0172933984397447,2.62053383345129e-06,0.0152227236563605,-0.00372019156298461,-0.00128783827442957,-0.00345462828353688,-0.0166254128000598,0.0157336726595567,0.010496853361592,0.00374231797763816,0.0228138330402322,-0.00341033359466636,0.00108520040142746,0.00700532006724781,0.00789489214435125,0.0110849012634131,0.0145262707584342,0.00894892360045956,0.0125976737035935,0.0188133890186676,0.0175894152353127,0.00777310423070624,0.00822361039579999,-0.00383693565047916,-0.00430692594275669,0.0044714322415925,0.00959545388727131,0.0283526021560473,-0.00324499584512952,0.0243603045467157,0.00827359427253553,0.0226138428379267,0.0190587007683079,0.00959927960298936,0.66814332664781,0.0167332566609677,0.0184667790946685,-0.0128527648094032,0.0216053034929566,-0.000362152927227798,0.00779712726440079,0.0233597181985982
0.0131137867658459,-0.00896964103634827,0.0105388330425428,0.00698902566977086,0.00666176888400412,-0.0152680714009274,0.013215374722731,0.0224886539561229,-0.0151508423131958,0.0122293520684955,0.0147533031516022,0.00986931330932882,0.00598966978088341,0.00712608565079176,0.00484958926435214,0.00822695981217626,0.00959071082823983,0.0108563524651995,-0.0117048430211654,0.00529314905124608,-0.0207116505911514,0.00868343323499882,-0.0173837988008406,-0.0153698806048123,-0.0125574492854614,-0.0169856453835157,0.0103945106812994,-0.01482588493777,0.00779863507829722,-0.0154511925385742,-0.0202955090552246,0.00633119425377954,0.00121746569776709,-0.0201924117864381,0.00746957078337537,-0.0132051819672096,0.00244764686758812,0.00797782584577378,0.00870919419779905,-0.0131830638820564,-0.00798558870959037,0.00710421965616808,0.0215861449025256,0.0102455923149295,0.0134223366830332,0.00462492074114064,-0.00985461034180795,0.00532444834523438,0.00741794873315848,0.0143110627204327
0.0242412627994045,0.0127306765596819,0.0140887696700096,0.00481266237701189,0.00170902545075526,-0.0233328816267524,0.0273944675675375,0.0213591334517703,-0.0186308132534029,0.0182052262248905,0.0448795113713064,0.00443057812676486,-0.00912529906698478,-0.00669998141734623,-0.0301670426640115,0.0182706614873449,0.018379375021576,0.0164671046086797,0.00157206181228423,-0.0142785527924615,0.941010531188292,0.0108944795968134,-0.0379080862710153,-0.0261396059535379,-0.0107819281369053,-0.0351315556571185,0.0239559133758961,-0.0156636472422931,0.0184607070052602,-0.0299972040110538,-0.0496724786577897,-0.0104132633672494,-0.032187558337459,-0.0532308467177611,0.00859682808145111,0.00121596574440241,-0.0259411148657359,0.026401351772472,0.0123493976595407,-0.00479036274843158,0.0130550014570459,0.00708090818840862,0.0109977405605542,0.0277310788058033,0.0427895632349042,-0.0270927000289238,0.00798540551389165,-0.0109091588203675,0.00647105382045879,0.0516864950958041
0.0415450235073913,0.00381157139866568,0.0255083820413385,-0.00380018082731824,-0.00307199849788188,-0.0182825085794602,0.0379784004384009,0.0272368564152289,-0.0240204965078188,0.0399252754899752,0.03013281389198,0.032045548682488,0.00522782957914627,0.0154408410189661,0.0233700913777563,-0.00917511787361941,0.00735519367911257,0.0257674655378817,-0.0126520799941045,0.00456195622447093,-0.0305316505925399,0.00766607915638138,-0.0219498927216662,-0.0152471646478431,-0.00424385527810766,-0.0213110859282608,0.00868872760222927,-0.0245686379980402,-0.0147089430274618,-0.0103577243552657,-0.0396503639337805,0.011373895903082,-0.0180149632879937,-0.0329597228301964,-0.0036898569096373,-0.0304772205932123,-0.0124832878915875,-0.0246289294114895,0.00576192744761091,-0.0210435267358075,0.0153643759531811,-0.00585018570452793,0.0319943398370258,0.00110637355169941,0.0170263341722763,0.0159294763470821,0.000216161301165095,-0.000195004013827183,-0.00107889856990616,0.0143342045043891
